:10000000D8190020ED0D0000B5610000D90D0000E9
:10001000D90D0000D90D0000D90D0000D90D000048
:10002000000000000000000000000000590F000068
:10003000D90D000000000000F10E0000D90D0000F5
:10004000F5100000F5100000F5100000F51000009C
:10005000F5100000F5100000F5100000F51000008C
:10006000F5100000F5100000F5100000F51000007C
:10007000F5100000F5100000F5100000F51000006C
:10008000F5100000F5100000F5100000F51000005C
:10009000F5100000F5100000F5100000F51000004C
:1000A000F5100000F5100000F5100000F51000003C
:1000B000F5100000F5100000F5100000F51000002C
:1000C000F5100000F5100000F5100000F51000001C
:1000D000F5100000F5100000F5100000F51000000C
:1000E000F5100000F5100000F5100000F5100000FC
:1000F000F5100000F5100000F5100000F5100000EC
:10010000F5100000F5100000F5100000F5100000DB
:10011000F5100000F5100000F5100000F5100000CB
:10012000F5100000F5100000F5100000F5100000BB
:10013000F5100000F5100000F5100000F5100000AB
:10014000F5100000F5100000F5100000F51000009B
:10015000F5100000F5100000F5100000F51000008B
:10016000F5100000F5100000F5100000F51000007B
:10017000F5100000F5100000F5100000F51000006B
:10018000F5100000F5100000F5100000F51000005B
:10019000F5100000F5100000F5100000F51000004B
:1001A000F5100000F5100000F5100000F51000003B
:1001B000F5100000F5100000F5100000F51000002B
:1001C000F5100000F5100000F5100000F51000001B
:1001D000F5100000F5100000F5100000F51000000B
:1001E000F5100000F5100000F5100000F5100000FB
:1001F000F5100000F5100000F5100000F5100000EB
:10020000F5100000F5100000F5100000F5100000DA
:10021000F5100000F5100000F5100000F5100000CA
:10022000F5100000F5100000F5100000F5100000BA
:10023000F5100000F5100000F5100000F5100000AA
:10024000F5100000F5100000F5100000F51000009A
:10025000F5100000F5100000F5100000F51000008A
:10026000F5100000F5100000F5100000F51000007A
:10027000F5100000F5100000F5100000F51000006A
:10028000F5100000F5100000F5100000F51000005A
:10029000F5100000F5100000F5100000F51000004A
:1002A000F5100000F5100000F5100000F51000003A
:1002B000F5100000F5100000F5100000F51000002A
:1002C000F5100000F5100000F5100000F51000001A
:1002D000F5100000F5100000F5100000F51000000A
:1002E000F5100000F5100000F5100000F5100000FA
:1002F000F5100000F5100000F5100000F5100000EA
:10030000F5100000F5100000F5100000F5100000D9
:10031000F5100000F5100000F5100000F5100000C9
:10032000F5100000F5100000F5100000F5100000B9
:10033000F5100000F5100000F5100000F5100000A9
:10034000F5100000F5100000F5100000F510000099
:10035000F5100000F5100000F5100000F510000089
:10036000F5100000F5100000F5100000F510000079
:10037000F5100000F5100000F5100000F510000069
:10038000F5100000F5100000F5100000F510000059
:10039000F5100000F5100000F5100000F510000049
:1003A000F5100000F5100000F5100000F510000039
:1003B000F5100000F5100000F5100000F510000029
:1003C000F5100000F5100000F5100000F510000019
:1003D000F5100000F5100000F5100000F510000009
:1003E000F5100000F5100000F5100000F5100000F9
:1003F000F5100000F5100000F5100000F5100000E9
:10040000F5100000F5100000F5100000F5100000D8
:10041000F5100000F5100000F5100000F5100000C8
:10042000F5100000F5100000F5100000F5100000B8
:10043000F5100000F5100000F5100000F5100000A8
:10044000F5100000F5100000F5100000F510000098
:10045000F5100000F5100000F5100000F510000088
:10046000F5100000F5100000F5100000F510000078
:10047000F5100000F5100000F510000053B94AB95E
:10048000002908BF00281CBF4FF0FF314FF0FF309C
:1004900000F00CB8ADF1080C6DE904CE00F008F8DE
:1004A000DDF804E0DDE9022304B07047704700BFC7
:1004B0002DE9F04786468C460846089E1546744648
:1004C0001946002B40F0C1808542B2FA82F245D92C
:1004D0004AB1C2F1200300FA02FC954094402EFA82
:1004E00003F343EA0C0C4FEA154EA8B2230CBCFBF5
:1004F000FEF80EFB18CC08FB00F943EA0C439945C3
:1005000028D9EB1808F1FF3704D2994502D9A8F190
:1005100002072B44A3EB0903A4B2B3FBFEFC0EFBC2
:100520001C330CFB00F044EA0344A04214D92C19FC
:100530000CF1FF3304D2A04202D9ACF102032C44E7
:10054000241A43EA07401EB1D4400023346073608C
:10055000BDE8F0874746DDE76346F1E792BB431B02
:1005600001214FEA154EAFB2200CB3FBFEFC0EFB8F
:100570001C330CFB07F840EA0343984561D9EB189C
:100580000CF1FF3004D2984502D9ACF102002B44A3
:10059000A3EB0803A4B2B3FBFEFC0EFB1C330CFB65
:1005A00007F744EA0344A7424DD92C190CF1FF3355
:1005B00004D2A74202D9ACF102032C44E41B43EA63
:1005C0000040C0E7C2F120039540944020FA03F1B7
:1005D0002EFA03F34FEA154E9040AFB20343B1FB3E
:1005E000FEFC0EFB1C10190C0CFB07F841EA004145
:1005F000884522D969180CF1FF3004D2884502D908
:10060000ACF102002944A1EB08019BB2B1FBFEFC56
:100610000EFB1C110CFB07F743EA01439F420ED966
:10062000EB180CF1FF3104D29F4202D9ACF1020168
:100630002B44DB1B41EA004193E76046E3E7614658
:10064000F7E76046A4E76346B8E7834206D916B9E0
:10065000002108467CE7C6E900E0F9E7B3FA83F732
:100660008FB9834201D3724508D8BEEB020460EB18
:10067000030301209C461EB9002169E73846FAE7CA
:10068000C6E9004CF8E7C7F1200CBB400EFA07F5AD
:1006900022FA0CF42EFA0CF1BA401C4320FA0CF3A7
:1006A000B8404FEA144901431FFA84FEB3FBF9F83E
:1006B00009FB18300B0C08FB0EFA43EA00439A457D
:1006C00040D9E31808F1FF3004D29A4502D9A8F1C5
:1006D00002002344A3EB0A0389B2B3FBF9F809FB38
:1006E000183308FB0EFE41EA03418E452CD96118F0
:1006F00008F1FF3304D28E4502D9A8F10203214448
:1007000043EA0040A1EB0E01A0FB02984145CE4612
:10071000434602D306D14D4504D20138B9EB020E4F
:1007200068EB0403002EA7D0B5EB0E0261EB0301CA
:1007300001FA0CFC22FA07F3F9404CEA0303C6E97C
:10074000003199E74046C5E74346D9E730B505464D
:1007500089B0144C204606F037F830B9124805F03D
:100760003AFC6FF0120009B030BD0DF1070302939F
:1007700001230022CDE90553039307238DF80720B9
:100780008DF810208DF81C309DF81C30A26843F0C5
:1007900002038DF81C30956848230222204602A9E6
:1007A000A847E0E7B4700000B88E000073B51D489C
:1007B00005F019FB1C4805F016FB0021194805F04F
:1007C000FEFA0021184805F0FAFA164E174D0DF101
:1007D0000700FFF7BBFF0121044668B9304605F06A
:1007E000EEFA284605F0EBFF2146304605F0E7FA21
:1007F000284605F0E4FFEAE70B4805F0E0FA0C486C
:1008000005F0DDFF0021084805F0D9FA084805F099
:10081000D6FF2146074805F0DEFB6FF0120002B05C
:1008200070BD00BF307A0000287A0000A086010069
:1008300040420F00CB8E0000014B1B68184700BFE1
:10084000D000002030B585B004460D4610220021AE
:10085000684606F046FB02238DF80230044B2A4618
:1008600021466846019305F04FF805B030BD00BF42
:100870003908000080B505460E461746984603F035
:10088000BDFE034606F0A8FB0446DFF8189042467A
:1008900049F8003039463046A84754F8090000F0BE
:1008A00011FB00BF080000002DE9F047058B04464E
:1008B0002807904611D4022905F0070540F0CC80A6
:1008C000204605F095FB78B10138218B042811D81A
:1008D000DFE800F0C2106D85950001290CBF45F0DE
:1008E000100545F02005258388F31188BFF36F8F2D
:1008F000BDE8F08701F0070AAA4500F0A5800027AF
:10090000B9463E46A368002B00F0BC8041F00801C8
:10091000218388F31188BFF36F8FA168002900F04D
:10092000BA800D68002900F0B68033465246204652
:10093000D1F80480C047002D76D02B6829461D468B
:10094000F0E701F007035A1F012A1BD8002221F00B
:100950000701062B276889B2C4E9002209D13B466A
:1009600003E0628B013262831B68002BF9D141F0F6
:1009700002012046218305F03BFB00287AD041F09C
:10098000200176E0042B0AD121F0070189B220462C
:10099000218305F02DFB10B141F020012183218B33
:1009A00001F0070AAA454FD00027B946AAE72369F4
:1009B00021F0070141F00601062DD3F800902183B4
:1009C0002DD1B9F1000F3FD041F00801218388F308
:1009D0001188BFF36F8F20463949C84729E021F0BD
:1009E0000701236941F0040189B2042DD3F8049072
:1009F0002183E6D000274FF0040A3E4682E721F02B
:100A00000701236941F0050189B2052DD3F808904B
:100A10002183D6D000274FF0050A3E4672E7002713
:100A20004FF0060A3E466DE72B4687E7B9F1000F07
:100A3000D1D1EFF31188202383F31288BFF36F8F96
:100A4000238B23F008032383258BEA062ED525F07C
:100A50001003238305F007056669218B002EBFF67E
:100A600070AF00232768C4E9003321F0070141F08B
:100A700001012183218B4FF0000901F0070AAA45EB
:100A80007FF440AF002F9CD041F00801218388F310
:100A90001188BFF36F8F002FC8D03D6839463346A9
:100AA0005246204605F0D0FA2F46F4E7AB067FF514
:100AB0001BAF25F02003238305F0070500E700BFE7
:100AC00075600000014B036000207047387A000019
:100AD00008B5044805F07FFABDE80840024805F073
:100AE0007ABA00BFE38E0000188F000030BFFFF716
:100AF000FDBF00BF2DE9F04105460B4EDFF82C800D
:100B0000324606EB0807CC1B2046094906F0DCF903
:100B1000A01942460021083C06F0E3F9C5F8B440AC
:100B200007F10800BDE8F0810000000004000000AB
:100B3000E8790000054B5A699B689A421FBF044A36
:100B4000536843F080535360704700BF5006002045
:100B500000ED00E0154B9A6A12F0007F9A6A14BF0C
:100B60001E201D2012F0807F9A6A18BF1F2012F4E9
:100B7000801F9A6A18BF022012F4002F9A6A18BFC9
:100B8000212012F4802F9A6A18BF222012F4003F0D
:100B90009A6A18BF232012F4803F9A6A18BF242053
:100BA0006FEA02426FEA12429A62704700ED00E07B
:100BB00010B5194B0246986A9C6A10F4805F14BF06
:100BC0001720162014F4006F9C6A18BF1820A40583
:100BD00009D5986B986A000404D51AB19A6A22F470
:100BE00000429A6219200C4B9A6A12F4806F9A6A3A
:100BF00018BF1A20D2050CD49B6A13F4005F18BFEB
:100C00001C20054A936A43F47F43936200230B70D0
:100C100010BD1B20F5E700BF00ED00E010B51C4B38
:100C20000246986A9C6A10F0100F14BF1120102021
:100C300014F0080F9C6A18BF1220A40709D5586B3E
:100C4000986A000604D51AB19A6A22F080029A6264
:100C500013200F4B9A6A12F0010F9A6A18BF1420E2
:100C600012F0200F9A6A18BF1520D40658BF9B6A4D
:100C7000074B9A6A920642BF5A6A22F400525A629D
:100C80009A6A42F0FF029A6200230B7010BD00BF07
:100C900000ED00E0F0B5474B04465B6800258BB0E3
:100CA000C3F3080385F31188BFF36F8F02F07F4011
:100CB000B0F17F4F11D102F00C0008280DD01007C1
:100CC0004CBF0C4601250022033B8DF80720032B67
:100CD00005D8DFE803F02462665F2C46F3E70023C3
:100CE0009DF80720CAB902AE04F1200732462068F9
:100CF0006168083403C2BC421646F7D1099A002D38
:100D000053D0C2F3080121B96FEA52226FEA42229E
:100D10000992184602A905F043FA0BB0F0BD254B25
:100D2000DA6A9107DBD4DA6A002AD8DBDA6A520081
:100D3000D5D55A69A16942F480725A61BFF34F8FC9
:100D4000BFF36F8F5A6931F8021C22F480725A6126
:100D5000BFF34F8FBFF36F8F4DF60272914209D0F0
:100D60009A6AD2B242B101200DF10701FFF756FF96
:100D70000346B5E72368B3E79A6A12F47F4F05D0BC
:100D800001200DF10701FFF713FFF1E79B6AB3F5AF
:100D9000803FA4D3FFF7DEFEEAE700200DF1070154
:100DA000E4E700200DF10701EDE722F4FF7222F0E5
:100DB0000102ADE700ED00E0064B5A6942F0100277
:100DC0005A615A6942F480625A615A6922F00802F3
:100DD0005A61704700ED00E0EFF30880EFF30981FE
:100DE00001B57246FFF756FF01BD00BF002080F33A
:100DF0001488BFF36F8F002080F30A8880F30B887C
:100E0000104880F3088800200F49087001F0D4F9D9
:100E100000200E490860BFF34F8F00F02DF820200E
:100E200080F311880A484FF40061401880F3098864
:100E3000EFF314800221084380F31488BFF36F8F0F
:100E400000F0F0F8D8190020910C002094ED00E09B
:100E5000980C0020002318460649D1F89020C2F3D0
:100E60000722934200DB7047C1F89830C1F8A00018
:100E70000133F6E700ED00E010B572B6002484F30C
:100E80001388FFF7E7FF23464FF0FF300C4A03F1CA
:100E900020010133102B42F82100F8D100234FF03C
:100EA000FF30074A03F160010133102B42F82100A3
:100EB000F8D162B6BFF34F8FBFF36F8F10BD00BF85
:100EC00000E100E0084B9B6883420BD1EFF3058300
:100ED00043B1064B5A6842F080525A605A6A22F473
:100EE00000425A6203F090BB5006002000ED00E083
:100EF00016498A684FF030001044EFF3098C80E8FF
:100F0000F01F202080F31288BFF36F8F104F4FF037
:100F100000664A698A603E60D2F8B4000D4C2060D9
:100F2000D2F8B8000023C2F8B83080F3118802F17B
:100F3000300090E8F01F8CF3098802F1000004B53E
:100F400005F043F9BDE8044070470000500600205A
:100F500004ED00E0580400201EF0040F0CBFEFF376
:100F60000880EFF30980816911F8021C0229FFD083
:100F700001B5724605F01AF901BD00BF00B20028A4
:100F800007DB01234109034A00F01F00834042F8B8
:100F90002130704700E100E000B200280CDB0122A4
:100FA0000649430900F01F008240203341F8232006
:100FB000BFF34F8FBFF36F8F704700BF00E100E0BA
:100FC000054B420953F82220012300F01F0003FAC9
:100FD00000F01040704700BF00E100E000B20028C0
:100FE00001F10101ACBF00F16040064B4FEA411135
:100FF000C9B2ABBF00F5614000F00F0080F80013EC
:101000001954704714ED00E0044B054A23F07F03A8
:101010009360BFF34F8FBFF36F8F704700000000E6
:1010200000ED00E008B5FFF7EFFF074AD2F888307F
:1010300023F47003C2F8883002F0E4FD03F02CFCC6
:1010400000F048F802F022FE00ED00E042F8203CFB
:10105000009B0B4942F81C3C019B21F0010142F826
:10106000183C029B42F8081C42F8143C4FF0807375
:1010700042F8043C0023203A0265C0F8B8307047BB
:101080007508000000B50C4B15469860D0F8B420E8
:101090000A4B0E461A60D0F8A43083F30B882C4616
:1010A00086F309880020064B98472046002100223D
:1010B0000023044C204700BF5006002058040020A5
:1010C000D5610000750800001022014B1A617047BD
:1010D00000ED00E00023202040F20F1210B5044C78
:1010E000E1180133934281F80003F9D110BD00BF2C
:1010F00000E100E008B5EFF30583064A103B02EB80
:10110000C30152F8330049688847BDE80840FFF73B
:1011100011BD00BFD47000001FB5094C094A234619
:101120000121094800F0FAF800230393074B01213D
:10113000E41A01A80193029400F0FAF804B010BD7B
:101140000000032000000020387A0000A8010020E1
:1011500010B50C7A0B6804F01F0223F01F031A432A
:10116000CB68640923F01F03054943EA440343F0B5
:101170000103C1F89800C1F89C20C1F8A03010BD4F
:1011800000ED00E010B5074BD3F89030C3F3072310
:10119000013B984202D8FFF7DBFF10BD6FF015004E
:1011A000FBE700BF00ED00E02DE9F04F0F461446CD
:1011B00006464FF000084D4D85B0B84580F292804C
:1011C000D6F80490B9F1000F36D0B9F11F0F40F2F4
:1011D000878019F01F0F40F08380D6F800A01AF026
:1011E0001F0F7DD1504605F018F8834609EB0A0021
:1011F000013805F012F8834572D11BF1160F6FD03C
:101200005C456DDDC5F898B0D5F89C10C5F898B070
:10121000D5F8A03021F01F0143F01F0AD6E90032B3
:101220001A44994202F1FF391ED1CA4508D131460C
:101230005FFA8BF004F0FAFF08F101080C36BCE706
:101240003146C5F898B0D5F89C3022F01F0203F063
:101250001F031343C5F89C30E0B204F0E7FF10F120
:10126000160F3DD0441CE7E7C5F898B0D5F8A0208C
:10127000013B23F01F0302F01F021343CA4531460E
:10128000E0B2C5F8A030E8D004F0D0FF10F1160F9E
:1012900026D0C5F898B0D5F89C209DF808300AF102
:1012A000FF3A62F304038DF80830D5F8A0309DF8BA
:1012B00008205B0863F347128DF80820D6E9003256
:1012C0001344009323F01F035344A3EB090301309D
:1012D00023F01F036946C0B20393FFF753FFBEE735
:1012E0006FF01504204605B0BDE8F08F00ED00E07A
:1012F0000522044BC3F89420BFF34F8FBFF36F8FC9
:10130000704700BF00ED00E0BFF35F8F0022024B8B
:10131000C3F89420704700BF00ED00E010B5034C07
:101320002278FFF741FF207010BD00BF800C002025
:101330002DE9F74F294D8A4606464FF00008AB4687
:10134000274FD0451BDAD6F80490B9F1000F3FD0F3
:1013500031680846019104F060FF0199044609EBE9
:101360000100013804F059FF84424FF014021D4B74
:1013700008D002FB08F36FF015024BF8032003B00E
:10138000BDE8F08F14F1160F2C60F8D01978A14247
:10139000F5DD02FB08B0C7F89840C7F89840D7F8C9
:1013A0009C4000F10801007B64F304000871D7F849
:1013B000A0000C79400860F347140C71D7F89C101A
:1013C00021F01F016960D7F8A01021F01F012961E9
:1013D00008F1010814350C36B3E700BF5C040020A7
:1013E00000ED00E0800C0020F0B54149414CD1F8FF
:1013F00090302568C3F307239D4287B075D800203D
:10140000FFF782FF3C4BC1F8C030854216D13B4C00
:1014100001A82570FFF756FB00250646384FAE425F
:1014200013D1002023783249D1F89020C2F307224B
:10143000934254DBFFF75CFF00202FE0616801EB73
:101440000011FFF785FE0130DFE70199280101EB6C
:101450000513DA683A40B2F5001F21D0B2F5800FCB
:101460002BD0B2F5801F38D15A689B680958013BD0
:1014700022F01F0003440120844623F01F0340EAAA
:101480004C10CDE902218DF8100002A920780593B7
:10149000FFF778FE00281DDA6FF0150007B0F0BDE9
:1014A0005A689B680958013B22F01F0003444FF023
:1014B000020C012023F01F03E1E75A689B680958DA
:1014C000013B22F01F0003444FF0000C062023F0E4
:1014D0001F03D4E723780133237001359FE7C1F858
:1014E0009830C1F8A00001339EE74FF0FF30D5E7F8
:1014F00000ED00E0447A0000AAFF4400800C0020C8
:101500000000F0FF08B50649064821F00701C1F1C7
:10151000005202F5403204F004FD002008BD00BF77
:10152000DF1900207004002008B5234A234B1A60FD
:1015300000F05EF84FF47A612148D0F82436C3F306
:101540000802C3F309434B4382F480721D49883279
:1015500001FB02334FF4FA215B00B3FBF1F201FB14
:1015600012331949B3F57A3F28BF0132C1F8042973
:10157000D0F820364FF47A60C3F30802C3F309436E
:10158000434342F21C5082F4807202F2172200FBA5
:1015900002334FF47A701B0AB3FBF0F200FB1233F4
:1015A000B3F5FA7F4FF0010328BF0132C1F81C27C1
:1015B000C1F80036002008BD0020A107E00000208F
:1015C00000C0FF00F82A00800000125048B1054B0F
:1015D000054A1B68B3FBF2F35843044B43F0010385
:1015E00018477047E000002040420F00107A0000CA
:1015F0000122024BC3F80424704700BF002008E01A
:10160000084B70B5C31A0D4607499B100446594351
:101610004022064804F02CFE2B4601462046BDE839
:101620007040184790040020B76DDBB6347000009E
:10163000402373B50B4C0093041B0B460D460A491F
:10164000A41061430646094A094804F03DFE011E04
:1016500005DA30462B4602B0BDE87040184702B0AC
:1016600070BD00BF90040020B76DDBB6336300008F
:101670003470000010B5EFF31184202383F3128837
:10168000BFF36F8F074A136823F00201DB07116075
:1016900002D4012004F04FFF84F31188BFF36F8F51
:1016A00010BD00BFE004002070B5002201210446F7
:1016B00040F20510FFF792FC0F4800F0DDFE0F4BE3
:1016C000984215D100F0E8FE26690D49304604F035
:1016D000DEFC00280BDB012535642469084904F190
:1016E0001C0004F0D4FC002801DB0020E56470BD80
:1016F0006FF00400FBE700BF576300000000AD0B74
:101700006C7A00001FB500220123CDE902236B464D
:10171000084ACDF800D0CDF804D004F003FE00282C
:1017200005DB43F609520023684602F013FC05B0BE
:101730005DF804FB516300000C22104B014602FBD4
:101740000033002030B4D3E90E529863EFF31180D8
:10175000202484F31288BFF36F8F1C6C04F0C00444
:1017600044F002041C6480F31188BFF36F8F1DB135
:101770002B4630BC0248184730BC7047900400200C
:101780003470000010B4EFF31182202383F3128829
:10179000BFF36F8F1648016841F002040460C80768
:1017A00007D482F31188BFF36F8F012010BC00F0C3
:1017B00089BE1049D1F80C14C903F2D5EFF311809A
:1017C00083F31288BFF36F8F0B490B6C03F0C003D8
:1017D00043F002030B6480F31188BFF36F8F82F331
:1017E0001188BFF36F8F002010BCFFF7A5BF00BFAB
:1017F000E004002000E01050900400202DE9F041AA
:10180000012207463449D1E8EF3FC1E8E02F002824
:10181000F9D133B9314932484B60CB608A6004F06A
:1018200049FC7B1E012B28D8012F06D12D4BD3F864
:10183000503403F00303012B1FD005F015F80546C3
:10184000E8B9294B1B78D3B104220646254BC3F8CF
:101850000823244CDFF89480D4F84C24D4F84C347A
:10186000D20315D503F00303012B01D0012F0FD1B3
:1018700065B386F31188BFF36F8FBDE8F081EFF396
:101880001186202383F31288BFF36F8F0125E0E7D1
:10189000BDB1304604F0B2FCD4F8403413F0FF037D
:1018A000DAD1D4F80821002AD6D0C4F80831D4F807
:1018B000083120220123C4F84034C8F8A021236154
:1018C000CAE70021202002F047FEE5E70422054B8D
:1018D000C3F80423D1E700BF8C0400207C0400205F
:1018E000AC04002000E01050910C002000E100E06A
:1018F0002DE9F04340F206354668D00648BF032084
:10190000337B02EA050558BFC2F3401087B001F0EF
:101910001F07B5F5837F144647EA43178DF8030088
:1019200045D00FD8062D44D007D8B5B1022D14D01C
:101930006FF0150007B0BDE8F083B5F5807FF7D1F3
:1019400001250AE040F20222954234D0B5F5407FED
:1019500033D0B5F5007FEBD1042522032FD5012329
:1019600072688B405360326982BB5F2F07F01F03A0
:101970004FEA571177D83E4A52F8212084F480313B
:1019800002EB8302D2F88030C1F30041C4F340443B
:1019900023F4706344EA410423F00F031C4344EA38
:1019A000800444EA0524C2F880400020C2E70925EB
:1019B000D3E70825D1E70625CFE70525CDE7630363
:1019C00041BF012372688B409360CCE710363946E3
:1019D00030460DF1020201F0ABF914F4403F8046AD
:1019E0000CD13946304604F06BFE224B9845DCD1D1
:1019F00030469DF8021001F007FAD6E74FF00009D3
:101A000001AB3946304603AACDE90439CDE9019945
:101A1000CDF80C9000F0FEFF164B984288D114F4DC
:101A2000003315D09DF8033084F48034C4F30044AF
:101A30008DF80E3039464B46304603AA8DF80C50CF
:101A40008DF80D4001F0D2F80A4B9842CDD06FE7E7
:101A5000CDE9043339460DF10303304603AA03935D
:101A600000F0D8FFF0E7203352F82330FFDE00BF4C
:101A7000887A00000000AD0B4209022A034670B5C7
:101A800003D0012A18D0CAB170BD0E4E3269516818
:101A90000029F9D0012503F01F030C689D4000299F
:101AA000F2D08A682A4002D030464B6898473CB151
:101AB000236821461C46F2E7034EE7E7034EE5E7BD
:101AC0002346F6E794700000747000005470000024
:101AD00038B545682B69E3B11035284601F086F921
:101AE0000446B0B90146284601F040F90B4B984234
:101AF00011D1224628460A4901F00CF9224601215B
:101B0000DB20FFF76BFA2246012140F20D10FFF7B0
:101B100065FA002038BD6FF00400FBE70000AD0B54
:101B2000791A0000F0B51646426801F01F04107BD8
:101B300087B044EA40141069002871D0B6F5001F40
:101B400002F1100506D12146284604F0BBFD002015
:101B500007B0F0BD0027B6F5800F01A801974760D8
:101B60003BD1B3F1007F14BF052304238DF804306B
:101B70000023CDE90403039393680DF1030723FACF
:101B800001F111F001013DD1B6F1A07F3AD104F08D
:101B90001F035F2C4FEA541003F1200346D8254A57
:101BA00052F8202052F82330DB072BD43A46214646
:101BB000284601F0BDF8204B984219D002972146E3
:101BC000284603AA00F026FF1C4B98422BD1012285
:101BD0002146284601F028F9B9E7B3F1C06F05D0D6
:101BE000B3F1007F14BF01230223BFE70323BDE746
:101BF0003946284601F010F9104B9842DED06FF0BC
:101C00000B00A5E73A462146284601F091F80B4B18
:101C10009842D4D128469DF8031001F0F5F8CEE79C
:101C20006FF0850094E76FF0150091E751F82330CD
:101C3000FFDE00BF887A00000400AD0B0000AD0B92
:101C400002780B69012A08D0022A08D04AB9064A4C
:101C50001A6203F1100002F049B9044AF8E7044A95
:101C6000F6E7044AF4E700BF0000AD0B0100AE0B3D
:101C70000200AE0B0100AD0B2DE9F04F87B00493CD
:101C80004368D0F810B0D3F828809B8B1746039395
:101C90004FF0FF324FF0FF3305460C4604F0CCFB0B
:101CA0000BF1100302930026002300220BF1100019
:101CB00002F050F93346BE4201D300234DE0207AB2
:101CC000010776D40136BE4221680BD2820709D4BF
:101CD000227D80EA020C0CF0010C02F004025CEAA6
:101CE000020C08D023B901F06042B2F1005F1AD0B3
:101CF0004FF0000901E04FF001096268DDF80CE0E7
:101D000003EB020CF44557D8C00705D408EB0300D9
:101D1000059305F0D9F8059B62681A4493B2B9F1AE
:101D2000000F2FD113BB4FF00009D4F800A0A388F7
:101D3000049A217A28460092524600F063F8031E66
:101D40000BDB43F609520023029802F003F980B13D
:101D5000284600F037F86FF004032846029304F099
:101D60006EFB029B184607B0BDE8F08F9946C2464D
:101D7000DEE7DBF82030124A9342ECD1237ADB070E
:101D800002D400230C3496E7C245FAD1A24609E0FA
:101D9000A9EB02011FFA81F9DAF80C0018FA81F1B7
:101DA00005F092F8DAF80420AAF10C0A9145EFD276
:101DB000E7E76FF08503D0E76FF01B03CDE700BFC7
:101DC0000000AD0B70B5446823682046D3F8005678
:101DD000D3F8046601F064FB3146284601F018FE92
:101DE00005460021606A04F02DFB204601F048FB07
:101DF000034B9D4214BF6FF00F00002070BD00BF69
:101E00000000AD0BF0B50C461D46164687B047687E
:101E1000122200210DF1060005F063F804F0010321
:101E20008DF80430BDF8303002958DF80530BB8D4B
:101E30000496AB4214D384F00202C2F34002384647
:101E4000520101A901F074FB084B98420BD00B33EF
:101E5000984214BF6FF004006FF00F0007B0F0BDA0
:101E60006FF01B00FAE70020F8E700BF0000AD0BA1
:101E700038B5044645682B6A98470121686A04F022
:101E8000E1FA23462846AA6905F1080101F0BEFAE5
:101E9000054B984204D1204604F000FB002038BDD9
:101EA0006FF00400FBE700BF0000AD0B036803F018
:101EB0001F025F2B02604FEA53129ABF024B53F886
:101EC00022000020704700BF287B00002DE9F04F62
:101ED0001646824640F2FF17DFF8489185B000EBC6
:101EE0008101514503D1002005B0BDE8F08FDAF83B
:101EF0000020C2F3C323082BC2F3080400F28F8032
:101F00004948BC4208BF4FF0FF34B2F1D05FC55C16
:101F10004FEA12630ED20A2B0ED90B3B0E2B0BD8B5
:101F2000DFE803F00D3B0A0A0A0A0A0A0A0A0A3E17
:101F300053565900382B51D06FF08500D4E7C6F8BE
:101F40000046002D5ED1651C59D04FF000080825D1
:101F5000DAF80030039403F40040002803A80EBF11
:101F6000C3464FF0010B4FF000080193FFF79EFFAF
:101F7000039C019B00EB8400D0F88040C3F3412C0C
:101F80002B0243EA8C0343EA080304EA09042343CF
:101F900043EA4B03C0F8803031E0C6F80446D0E78E
:101FA000C6F86045601CDAF8003028D0C3F300435F
:101FB000039403A85BBBFFF779FF0122039B02FA9E
:101FC00003F383604FF00108C2E7C6F86445E9E710
:101FD000C6F86845E6E7C6F86C45E3E703A803944E
:101FE000FFF764FF039B621C00EB8300D0F8803096
:101FF00023F0E04343F08043C0F88030E2D10AF19F
:10200000040A6EE7631CFAD04FF00008A0E7FFF760
:102010004DFF0122039B02FA03F34360D2E76FF006
:10202000150061E7F0F0FCFF8E8F000070B51446DC
:102030001D4604F065FAA042A94113D30A4AD2E929
:102040000061A41B24F01F0365EB01009B1941EB09
:102050000001C2E90031640944EAC060BDE8704093
:1020600002F0F6BC70BD00BFB001002010B5002228
:102070000121E420FEF7B2FF174A0020D2F81837FA
:1020800023F44033C2F8183700F0ACFF134B04467A
:10209000984208D10120124901F034F8A04205D03D
:1020A000104B984214D04FF0FF3010BD04F028FAC6
:1020B00067220D4B20F01F00C3E900010B4BC3E961
:1020C00000010B4B02201A60FFF798FB0020ECE7A1
:1020D0006FF00B00E9E700BF00200E500000AD0BD1
:1020E000DC0000200200AD0BB0010020A8010020A0
:1020F0002C05002008B504F003FA054AD2E90032A5
:10210000C01A61EB0201400940EAC16008BD00BF8E
:10211000B001002037B5431C0CBF6FF0004420EA2B
:10212000E07404F0EDF90D4BD3E90025801A61EB62
:1021300005032021C4FB0103402873F100042CBFD8
:1021400020F01F01002352184FF0010145EB03035B
:102150000091034801F03AF803B030BDB00100200F
:10216000D4000020064BD3F840231C2A05D1D3F815
:102170004403431E5842584170470020704700BF37
:1021800000C0FF0003689A070CD50368DB070DD574
:102190000922074BC3F80C250F22C3F8042501229E
:1021A0001A60FEE7034B0360EF3B0360704700BF1C
:1021B00000801050F000FA5008B50123484AC2F8D8
:1021C0000038484AD2F840231C2A01D02E2A02D1D6
:1021D000454AC2F80C344548FFF7D4FF0830FFF7F2
:1021E000D1FF0830FFF7CEFF0830FFF7CBFF00F537
:1021F000F470FFF7C7FF3E4AD2F88C3043F44063D7
:10220000C2F88C300022D30003F57F0303F540436E
:10221000D3F8001401310AD0D3F8001439B1D3F83F
:1022200000140132D3F80434402A0B60EBD12C4B5C
:10223000D3F840242AB3FFF795FF48B1294BD3F8D0
:1022400034232C4B9A429EBF254B2B4AC3F8402681
:10225000FFF788FF18B1294B294AC3F8AC27214B57
:10226000D3E9D0231C2A10D1012B10D134221C4BCE
:10227000C3F82426D3F83C2622F40022C3F83C26D7
:1022800005E0C822C3F84024D5E72E2AECD0154B30
:10229000D3F840331C2B01D02E2B08D1194BD3F887
:1022A0000026D20744BF6FF00102C3F800260323C3
:1022B0006FF0C001144AC2F81835144BC3F8081562
:1022C0006FF0FF01C3F80C150949D1F88C3043F4C5
:1022D0004063C1F88C300023C2F8A03508BD00BFB0
:1022E0000000125000C0FF000030055000C50D5026
:1022F00000ED00E0001D0A1840E0A91E00A00850F3
:1023000078000A0400E0105000B0045000F00C50B7
:1023100030B50468ACB1B4FA84F30122C3F11F03F1
:10232000DBB29A4024EA0202D0E8EF5FA54204D172
:10233000C0E8EC2FBCF1000FF6D1EAD102480B70D7
:1023400030BD0248FCE700BF0000AD0B0200AD0B42
:1023500010B50368CB40DB0710D401238B40026823
:1023600043EA0201D0E8EF4F944204D1C0E8EC1FE9
:10237000BCF1000FF6D1F2D1014810BD0148FCE7D5
:102380000000AD0B0400AD0BF7B5044658B30128AF
:1023900027D104224FF48073712034490025C1F8FD
:1023A0000803012002F1A04203F1A04303F58713C3
:1023B00002F5871210601D601B682D4BD3F8403367
:1023C0001C2B15D02E2B13D0844201D10DF1070503
:1023D000002342F21076254F8DF8073074B1012C9E
:1023E00030D003B0F0BD14224FF484730420D4E73E
:1023F000012C01D1CC60E9E70025E9E7D7F84C349E
:1024000003F480336DB9002BEBD0012004F091F878
:10241000013EF3D1E5E7012004F08BF8013EDDD168
:10242000DFE7D7F84C2402F003022A70002BD8D043
:102430009DF80730002BEED0012CD2D100220D4B9D
:102440005A71CEE7D7F80C3403F480333DB9002B32
:10245000F4D0012004F06DF8013EF3D1C1E7002B68
:102460000CBF012300232B70E2D1E7E700E01050FE
:1024700000C0FF0030050020044B1A7922B9012268
:1024800018601A71024870470248704730050020F2
:102490000000AD0B0C00AD0B08B5084B1B6843B139
:1024A00040F20510FEF78CFD18B940F20510FEF75A
:1024B00065FD0022024BC3F8402408BD3005002012
:1024C00000E0105010B510B1012845D010BD344BBC
:1024D000D3F84C14D3F84C24C80324D502F00303DA
:1024E000012B04D013B10020FFF74EFF00232C4A2C
:1024F0000420C2F8403410224FF48473002103F109
:10250000A04303F5871319601C68012402F1A0425F
:1025100002F587121460234A1268002A39D0204B32
:10252000C3F80403D2E7D3F84824D107DED5D3F8A3
:1025300050249207D7D41B4A12681AB10422C3F858
:102540000423C3E7D3F80821002AFBD00022C3F8F4
:102550000821D3F80831B9E70022114BC3F8102144
:10256000D3F81011C3F81821D3F81811C3F81421A7
:10257000D3F814210C4AD2F840231C2A06D02E2A64
:1025800004D000224FF480737120B7E701229A60D3
:10259000F7E71A68002AFCD019601B6896E700BFAD
:1025A00000E010503005002000C0FF0070B500258D
:1025B0001E4C1F4ED4F80C3303B970BDB3FA83F32D
:1025C000C3F11F039A0002F5807292B202F1A04299
:1025D00002F58712156012680122D8B202FA03F3DD
:1025E000DBB2102BC4F8083311D0402B1BD0042BC6
:1025F00016D1D4F84C14D4F84C14890710D1C4F86F
:102600004024C4F804332261D4F80C33D4E7022305
:102610007371C4F81451D4F814312023C4F804336E
:1026200033689847F0E77571FAE700BF00E0105093
:1026300030050020036803F01F025F2B02604FEAA1
:1026400053129ABF024B53F822000020704700BF7C
:10265000347B0000034A4309D35C00F01F00184498
:10266000C0B27047978F000070B505460846FFF767
:10267000F1FF3C212A79184B01FB0202083233F8A2
:102680001200C10526D578240026C0F3432120F48A
:10269000F85023F812002A7904FB02340E3434F87F
:1026A000020F10F4807F03D0C0F34320814211D089
:1026B0000136232EF3D10020C2EB02120A4443F864
:1026C000320078202A79BDE8704000FB023060308B
:1026D000FFF73EBE70BD00BF38050020F0B50646CE
:1026E000002487B0114F019117F8012B06AB03EBC3
:1026F000D20313F8143C02F00702D34013F0010395
:1027000006D10134032CEFD10023184607B0F0BDE9
:10271000074A03AD07CA85E8070055F824100A6A7E
:1027200046F824200A62002AEBD0EEE7A78F0000CB
:10273000F079000010B504460846FFF78BFF3C23F4
:1027400003FB0400024B083033F81000400B10BDAF
:102750003805002010B504460846FFF77BFF3C23F0
:1027600003FB0400034B083033F81000C0F34000B3
:1027700010BD00BF3805002010B504460846FFF71D
:1027800069FF3C2303FB0400034B083033F81000BF
:10279000C0F3401010BD00BF3805002078232DE99C
:1027A000F04F6F4C0E460C1BB4FBF3F4D0F814132F
:1027B000DFF8B0B1C9B28BB041F400315BF834201E
:1027C000009003F031FF8103054638D50023E70070
:1027D0000BEBC404CDE907330993636807A81946D6
:1027E0000193FFF77BFF3B1D03934FF0000A5E4B05
:1027F0000DF11C090293029A12F8013B0292039A0E
:1028000002EBD3021BF8022003F0070322FA03F3C2
:10281000DA071AD40AF1010ABAF1030F09F104091F
:10282000E9D14FF400310022009803F0FDFE019938
:1028300007A8FFF753FF0028D7D125F4003501245E
:10284000002D76D10BB0BDE8F08F484B5344049374
:10285000D9F800100029DDD091FAA1F1B1FA81F187
:10286000049B1C7841EA44142046FFF7F3FE08302D
:1028700036F81080C8084FEA98030593012319F829
:10288000002001F0070103FA01F122EA010209F830
:10289000002006A80694FFF7CDFE069A059B20327D
:1028A00050F82220C8F382075B07B846C2F3014202
:1028B00023D53046D7B22146424603F096FE06A8FD
:1028C0000694FFF7B7FE069B203350F82330C3F37E
:1028D00001439F4207D10021204603F077FE39468D
:1028E000204603F073FE06A80694FFF7A3FE01221C
:1028F000069B02FA03F30362AAE7022A0DD1032121
:10290000204603F063FE07F00503012BEBD142469E
:102910002146304603F069FEE5E702212046059294
:1029200003F054FE032FF2D0059A032ADBD1022FC5
:10293000ECE795FAA5F3B3FA83F3009904FA03F2EE
:1029400025EA020503F5A27251F8222006EB4303A3
:102950003046B3F86410C2F3014203F046FE6FE75D
:1029600038050020407B0000A78F0000A78F0000E3
:102970002DE9F74305460846FFF76CFE3C222B790C
:10298000204F02FB0303083337F813300E46DB07F2
:10299000044635D5284603F06EFE95F8049031467E
:1029A0004846FFF7E9FE60B14846FFF7C3FE002244
:1029B000D5F8008000B208EB8003C3F81025C3F8F7
:1029C000102528463146FFF74FFE3C222B7901A8FF
:1029D00002FB03440023083427F814300196FFF764
:1029E00029FE019B00EB8300D0F88020064B1340AA
:1029F00043F00203C0F88030044803B0BDE8F08320
:102A00000348FAE738050020F0F0FCFF0000AD0BAA
:102A10000400AD0B2DE9F04F9046044685B0084602
:102A2000FFF718FED8F800900F4606462579B9F151
:102A3000000F23D02846FFF78DFE18B12846FFF778
:102A40009BFE58BB00230DF10F02CDE900338DF83A
:102A50000E308DF80F300DF10E014B46384603F065
:102A60006CFD3C2303FB05635D49083331F81320FB
:102A700022F0020242F0010221F81320D8F80430BB
:102A8000002B3FD03946207993F80090D3F804A06A
:102A9000FFF760FE20B1BAF1000F26D0514835E0B3
:102AA0003C226A43DFF838E102EB060C0CF1080C1B
:102AB0003EF81C3023F02003DB04DB0C2EF81C3026
:102AC000BAF1000F11D0B9F1030FE7D8D8F804100C
:102AD0002068496891F800A000EB8A00B9F1000F66
:102AE00017D1C0F81095C0F810953C2303FB05657D
:102AF0003B4A083532F8153023F01C0343EA8903BA
:102B000022F81530D8F8083063BB374805B0BDE867
:102B1000F08FD0F810B552442BF0030BC0F810B56D
:102B2000206843EA4A3300EB8A01D1F810050EEB26
:102B3000420220F4473020F47C70C1F8100541F6C1
:102B4000F070D1F810B500EA071040EA094040EAF9
:102B50000B0043F02003C1F81005A2F864702EF8B2
:102B60001C30C2E73946D3E900852046FFF77CFDDB
:102B7000B8F1000FC9D078232079194F4343FA18D0
:102B8000FB58984504D153689D4201D100220CE0C6
:102B9000782303FB00700DF10F016030FFF7B8FBE5
:102BA000114B9842B2D19DF80F203C212379C3EB01
:102BB0000313134447F833802379C3EB03131344FF
:102BC00007EBC3035D60237901FB0363083337F828
:102BD000131041EA422242F4807227F8132094E74E
:102BE000380500200400AD0B0000AD0B2DE9FF47B8
:102BF0000546084617461E46FFF72CFD8946044643
:102C000087B395F804804046FFF7A4FD18B9404605
:102C1000FFF7B2FD68BB3C2303FB0848DFF8E4A0E4
:102C200008F108083AF8183013F01C0F02D07B782E
:102C3000012B1ED001238DF80F3000237A1CCDE923
:102C400000734846BB1C0DF10F0103F076FC3C22DB
:102C50002B7902FB034308333AF8132042F00302B6
:102C60002AF81320002E4BD049462879FFF772FD31
:102C700018B9254804B0BDE8F08700214FF03C0C9E
:102C800030782B68820003EB8003C3F81015C3F87B
:102C900010152B791B490CFB0343083331F81370D3
:102CA00027F4604727F0200721F8137077783FB3A7
:102CB0002B68B6781A44D2F810E5144B3F040EEA9C
:102CC0000303C2F8103541F6F07307F4403703EA06
:102CD00009133605D2F810E53B4306F4801633435A
:102CE00043EA0E03C2F810352B790CFB0344083479
:102CF00031F8143043EA403343F0200321F8143014
:102D00000348B7E7380500200400AD0B0FE0ECFFE7
:102D10000000AD0B30B578250479044B05FB043475
:102D2000A160017905FB0133DA6030BD3805002070
:102D300070B5067914463046FFF71EFD68B10846A7
:102D4000FFF788FC3C2303FB0600054B083033F8F3
:102D5000103004485B0B237070BD0348FCE700BFD4
:102D6000380500200000AD0B0400AD0BF8B5064699
:102D700007797820194D00FB075393F8744054BB32
:102D8000184646222146103004F0ABF83179144A37
:102D9000336852F8316021468E4212D10022C3F3CB
:102DA0000830C3F844210130D3F84421FEF7E6F897
:102DB000782303FB075501230A4885F874302B66F6
:102DC000F8BDCAB2920002F58070442A04BF1C50BC
:102DD0001A580131E0E70448F2E700BF3805002047
:102DE000407B00000000AD0B0C00AD0B7821027998
:102DF000044B01FB023393F87400003818BF012024
:102E0000704700BF380500200079024B03EB8000BB
:102E1000FFF79EBAE40000200079024B03EB80002C
:102E2000FFF776BAE40000202DE9F74390F804900C
:102E3000044648461746FFF79FFC0D46266800B338
:102E40004846FFF787FC8046D8B94846FFF772FC32
:102E500005B2AD0005F5807246F802802168B258CF
:102E60002944D1F8102542F00102C1F810252FB1F4
:102E70000122216802FA00F3C1F8143303B0BDE85F
:102E8000F083D6F8143328469B035CBF4FF400331D
:102E9000C6F81433FFF7DEFB3C22237902FB030064
:102EA0000E4B083033F81030C3F38203042B11D0DB
:102EB000052B11D001A80195FFF7BCFB019BC16850
:102EC000D94001F001010231284603B0BDE8F043CA
:102ED00003F07CBB0321F7E70221F5E7380500206A
:102EE00001490248FFF75ABC3805002000A00D50E8
:102EF00001490248FFF752BCB005002000C0105045
:102F000010B50024037A0D49CA181B0103F1A04330
:102F100003F5622392F85420C3F82C450C2303FBDD
:102F200002130468DC6042681A610122007A187595
:102F30008B68824013438B6010BD00BF40000020AF
:102F4000074B027AD3F8101521F001010A43C3F8A8
:102F500010250268C3F8A4264268C3F8AC2670475F
:102F600000200E50012303FA00F010F0670F0AD082
:102F7000064B5B68DB4303F067030342044B0548E1
:102F800018BF184670470448704700BF4000002033
:102F90000000AD0B0400AD0B0800AD0B2DE9F048AF
:102FA000EFF31181202383F31288BFF36F8F4FF06B
:102FB000FF356FF04044094ED6E900BC5D4574EB27
:102FC0000C07F9D3CCF31303C0E900B381F31188E4
:102FD000BFF36F8F0248BDE8F08800BF40270E5056
:102FE0000000AD0BF0B53C4D85B02C78002C6FD1B6
:102FF0003A4A01AB07CA83E8070039491846D1F8B5
:10300000102522F00202C1F81025FFF799FF0723CF
:10301000672202F001012144013BCCB24FEA520287
:10302000F7D1052C56D119464FF0010C2A4E002439
:103030006720CFB204E00CFA02F220EA0200013469
:1030400090FAA0F25FFA84FEBE45B2FA82F2F2D3A1
:103050000131327505292A4482F8547006F10C06B4
:10306000E5D1012100241F489A0801FA02F212F06A
:10307000670F18BF1C500433302BF5D1E420FDF747
:103080007DFF174B1849D3F8102503F5C07322F0C4
:103090000202C3F8902340F6FF72C3F8A821002271
:1030A0001A60A3F5807004338B420260F8D10124CA
:1030B0000B4B0E4A1C660E4B5D201B68B3FBF2F3F4
:1030C00058430C4B234398470B482C7005B0F0BD78
:1030D0000A48FBE70A48F9E740000020FC790000B5
:1030E00000200E5000210E50B0210E5040420F0023
:1030F000E0000020207A00000000AD0B0C00AD0BBA
:103100000100AD0B73B52A4C054663680E4603F00B
:10311000010304F1140101A80193FFF7F9F8254B0D
:1031200098423DD100233370636823F0010363604C
:10313000A36843F00103A3601F4BD3F81025960743
:1031400032D4D3F8102542F00202C3F81025C5B1DD
:10315000D3F8482712F0010202BFD3F8481741F014
:103160000101C3F84817144BD3F84017D3F844179C
:103170004C00F9D42AB9D3F8482722F00102C3F849
:1031800048270E4B0E4A1B68B3FBF2F30A4A03EBC7
:1031900043135BB1D2F84017D2F84417490001D469
:1031A00002B070BD013BF4E70648F9E70648F7E7CF
:1031B000400000200000AD0B00200E50E000002079
:1031C00040420F000C00AD0B0700AD0B2DE9F041A4
:1031D0000446007A1D46FFF7C5FE1E4B90469842F6
:1031E00006469DF8187031D12046FFF789FEEFF3AF
:1031F0001180202383F31288BFF36F8F227A164B3E
:103200009200134400221A60217AC5F313050901C4
:1032100001F1A04101F56221C1F82085C1F82455D2
:1032200080F31188BFF36F8F87B10123227A0B4996
:1032300003FA02F2D1E8EF5F1543C1E8E05F00282E
:10324000F8D1227A9340064AC2F824333046BDE8CA
:10325000F08100BF0000AD0B00210E50C80000201F
:1032600000200E50F7B5284B284CD3F82C6304F1FE
:1032700088070EB903B0F0BD96FAA6F00123B0FAA4
:1032800080F08340DA43224926EA0306231893F8A4
:103290005450830019440C2303FB0543DB6873B3CC
:1032A000D7E8EF3F03EA020CC7E8EECFBEF1000F0C
:1032B000F6D1C340DB0719D5020102F1A04202F5A5
:1032C0006222D2F82435D2F82025D1F800C0BCF112
:1032D000000FCED04FF0000CC1F800C00C2101FB54
:1032E000054529690091E9688847C2E705F10C03A3
:1032F00004EBC30C54F83320DCF80430E5E70A682B
:10330000002AB6D00B60B4E700200E504000002029
:1033100000210E50044B40EA0120C3F80005D3F809
:103320000024D207FBD5704700B0045010B4CC7B0A
:103330008A6803682CB9D1E90041C3F80046C3F894
:103340000416C3F82425282203795343054AD35889
:103350002BB1006810BCC0F30830FDF70FBE10BCE5
:10336000704700BF280600205F2800F01F034FEAC7
:1033700050110DD8094A52F8212002EB8302D2F8ED
:103380008010074B0B4043F00203C2F880307047B7
:103390000022203352F82330FFDE00BF507B0000B4
:1033A000F0F0FCFF70B5817B29BB02685F2A02F058
:1033B0001F034FEA521420D8124E134D56F8242002
:1033C00040F60C0402EB8302D2F880302B402343FA
:1033D000C2F8803042685F2A02F01F034FEA5210A1
:1033E0000BD856F8202002EB8302D2F880302B4015
:1033F0002343C2F88030012070BD203351F82330C0
:10340000FFDE00BF507B0000F0F0FCFF2DE9F04133
:10341000074690F80480282000FB08F0144E0C4664
:10342000351895F82210F1B9A96032506B6085F813
:10343000251085F824106CB1A37B204685F8273031
:10344000FFF7B0FF88B1637B2146384685F8263008
:10345000FFF76CFF282303FB08660123054886F865
:103460002230BDE8F0810448FBE70448F9E700BFDB
:10347000280600200000AD0B0C00AD0B0400AD0BC6
:10348000062103680279C3F800152821034B01FBCC
:103490000233022283F82220704700BF2806002052
:1034A000282110B5002402790B4B01FB02339C60EC
:1034B00001680A4AC1F80823D1F8002222F0FF521D
:1034C00022F4BC52C1F800220122C1F8004583F861
:1034D000222083F8244010BD280600202264F81F13
:1034E00070B5044606790068104DC0F30830FDF74A
:1034F00053FD2046FFF7D4FF282303FB065393F820
:10350000272062B993F826304BB92368D3F8000618
:10351000D3F80446FFF728FF2046FFF725FF2823AE
:1035200003FB0655002385F8223070BD28060020D5
:1035300028232DE9F74F9246002290F80490B84DC9
:10354000046803FB095383F823204B680E4633B10C
:10355000CB6803F06043B3F1005F40F07E813378C5
:10356000023B012B06D8336903F06043B3F1005FDF
:1035700040F073811AF0030F40F07181A94BC4F839
:103580000833282303FB095393F8242002F0FF019A
:103590003AB19B68A44FC4F80433384603B0BDE881
:1035A000F08F1AF0140F0CBF0122002283F82420A0
:1035B000327809EB890883F82020727805EBC80877
:1035C00083F82120F268DA6072681A6132695A6100
:1035D000B268C3F81CA09A61CAF3001283F82520D0
:1035E0007378C4F88835C4F83811D4F83831C4F881
:1035F0002811D4F82831C4F81411D4F81431C4F8BF
:103600000411D4F804313378032B00F2A280DFE8F0
:1036100003F0779760024FF48073C4F80032D8E962
:103620000323C4F83C27C4F84037012323654FF037
:103630000061204603F08DF80028F8D1D8E9052371
:10364000C4F83C27C4F8403728234FF4806203FBBA
:1036500009539A60754F282303FB09F3E858E918CA
:103660001AF0080313D13278032A10D0012A40F04F
:103670008580A26200286ED0282303FB09F37268BC
:10368000EB5822B9002B00F0AE80012363602823A1
:1036900003FB09F3EA18EB58002B00F0A4801AF0A2
:1036A000040F1CBF002393601AF0400F06D128239B
:1036B00003FB09539A6842F002029A60282303FB35
:1036C00009539A6842F020029A609B68C4F8043358
:1036D00063E7D8E90323C4F83C27C4F84037D8E9A6
:1036E0000523C4F80427C4F808374FF48453C4F8FA
:1036F0000032012323612823022203FB0953A8E798
:103700001AF0200FD8E90323C4F83C2714BF4FF464
:1037100080724FF40072C4F840374FF0280315BF91
:10372000C4F80022C4F800224FF48062022214BFC1
:1037300003FB095303FB09539A600123236189E7C3
:10374000D8E90323C4F80427C4F808374FF480539A
:10375000CDE7374F7FE70B6903B9626040F2024B58
:1037600040F22241204602F0F4FF012310F0200F26
:1037700018BF636010EA0B0FF2D07DE701222265CB
:1037800000287FF479AF096931B340F2024B13EAA4
:103790000B0F7FF471AF40F22241204602F0D9FFB7
:1037A00081060346F3D501904FF48041204602F094
:1037B000D0FFD4F8002288B112F40071019B03D12C
:1037C0000123236163600B46D205E0D54FF480618D
:1037D000204602F0BEFF04E06260D6E701232361C9
:1037E00063600023D3E7282202FB09550022D4F8A6
:1037F000C434C4F8C43485F824200BB30D4A13F044
:10380000010F0D4F18BF174613F0020F02F101020E
:1038100018BF174613F0040F084B18BF1F46BCE62D
:10382000280600202264F81F0B00AD0B0000AD0B32
:103830000400AD0B0000AE0B0100AD0B0200AE0B9F
:103840001AF0400F7FF4A9AE4146204602F03FFF38
:10385000044B002808BF1F469FE6034F9DE6034F19
:103860009BE600BF0100AD0B0A00AD0B0300AD0BE2
:1038700070B55B4D022186B0284602F06AFF202118
:103880000646284602F065FF564CD8B1E6B9A36853
:103890004FF48041C5F808330223A360A36828468B
:1038A000C5F8043302F055FF18B1D5F800329B0576
:1038B00003D401224A4B1A615A60012384F8233051
:1038C00006B070BD002E57D0E5696E060AD494F894
:1038D00023303BB94349424802F0F9FE80F0010031
:1038E00084F8230015F0040524D13D4B94F82520DD
:1038F000C3F83851D3F83811C3F83451D3F8341120
:1039000012B194F8232052B10022C3F80022A26021
:10391000354AC3F808234022344BC3F89821238C3E
:10392000ADF80430E3680493236902936369059357
:10393000A36903932A4AD2F8C4349807C2F8C4345E
:1039400047D4590747D4DA0747D494F823309B006B
:10395000DBB28DF8003094F825300BB984F82430B0
:10396000E3695B0703D594F82330002BA8D0D4E992
:10397000003168469847A3E74FF48061284602F07B
:10398000E8FE94F82030A3B994F825304BB94022D2
:10399000C5F80032A360144BC5F80833134BC3F8C5
:1039A000982100238DF8043094F821308DF80530EB
:1039B000B8E74FF40073C5F800322223A3600A4B26
:1039C000C5F80833A368C5F8043301232B652B61C0
:1039D00076E70123BDE70223BBE70323B9E700BF76
:1039E00000600C50280600202264F81F00E100E06F
:1039F000036803F01F025F2B02604FEA53129ABF65
:103A0000024B53F822000020704700BF5C7B00008F
:103A1000F7B5064602F0C7FE084602F0C4FE01A84C
:103A20000196FFF7E5FF0C4640F60D01019B2B4D7B
:103A300000EB8300D0F8803001942B400B43C0F89A
:103A4000803001A8FFF7D4FF019B012700EB830022
:103A5000D0F880302B400B43C0F88030042002F0B7
:103A600068FD092501A80194FFF7C2FF019AC36808
:103A7000D340DB0714D401A80196FFF7B9FF019BDF
:103A8000013D07FA03F38360042002F052FD304643
:103A900002F089FE042002F04CFD15F0FF05E1D193
:103AA00001A80194FFF7A4FF0123019A93408360CA
:103AB000042002F03EFD204602F075FE042002F0D4
:103AC00038FD01A80194FFF793FF019AC3680448E9
:103AD000D34003F00103C01A03B0F0BDF0F0FCFFC7
:103AE0000100AD0B38B5EFF31185202383F3128865
:103AF000BFF36F8F064B9C6802F079FE85F3118847
:103B0000BFF36F8F2046BDE83840FDF7DBB900BF3B
:103B10005006002038B50A4B53F82040013053F8C6
:103B20002050A54200D838BD606830B1037FDB0764
:103B300001D402F05FFE0834F3E723689847FAE700
:103B4000687B0000012270B5294B032086B01A70F3
:103B5000FFF7E0FFFCF7BCFF0420FFF7DBFF254C7D
:103B6000254D2646AE4204F1300410D300F024FC6B
:103B7000204C224EAC4226D300F032FCFCF716FE5D
:103B80001F4A137B23F00103137306B070BD54F872
:103B90000C3C059354F8103C049354F8143C0393E4
:103BA00054F8183C029354F81C3C019354F8203C00
:103BB000009354E90A2354E90C0100F0F1F954F898
:103BC000303C5E65CDE7D4E90A23B3F1FF3F08BF7F
:103BD000B2F1FF3F05D052EA0301206803D100F0A3
:103BE000E9FC3034C6E73146183000F09FFEF8E7B4
:103BF000910C00204C7900004C7900004D690000C8
:103C00007802002008B50348034A0021121A02F086
:103C100008FE08BDA8010020940C0020C02370B548
:103C2000144E86B003FB0066134B012205930F234D
:103C3000CDE903320023CDE9013314234FF4A07200
:103C40000E4D0F4903FB0055044602FB00110D4BBE
:103C50003046009500F0A4F9737B2C7423F0040324
:103C60007373094B013403EBC423EE606B6006B041
:103C700070BD00BFB8010020AA8F000050060020D0
:103C8000981400202B680000980C0020BFB500207D
:103C9000FFF740FF294B03F5006282F3088883F3A6
:103CA0000A880024E023264D264F85F82230EC7741
:103CB0002C766C76AC7685F820406B6A43F4E02372
:103CC0006B6285F82340FDF777F8FDF7FDF94FF0BB
:103CD000FF33AB62EB62FDF787FBFDF71DFA1A4875
:103CE00000F0C6F902F06FFD0120FFF713FF02207C
:103CF000164DFFF70FFF00F0A7FB154B15495D614F
:103D0000154B4FF48062059301232846CDE9034308
:103D1000CDE901443B46009400F042F906466A7B37
:103D2000284622F004026A7302F0DEFD2046FFF707
:103D300075FF3A4631462846FDF7A4F9980C002055
:103D400000ED00E0453B0000380300207802002031
:103D500050060020D8150020AF8F00002DE9F34158
:103D6000044617461E46EFF31188202383F312887A
:103D7000BFF36F8FC368334A7BB180689168884214
:103D800019D057EA060318D188F31188BFF36F8F53
:103D90006FF00F0002B0BDE8F081916891F90E104C
:103DA0000133E36093682161A36088F31188BFF356
:103DB0006F8F0020EEE72169F2E791F90E1090F97C
:103DC0000E306FF07E029942A8BF19469142B8BFEB
:103DD00011468B422DDD02F033FD05462246414659
:103DE000CDE90076184800F02DFA0028E1D0EFF375
:103DF0001186202383F31288BFF36F8FA068D0B1A0
:103E0000236821699C420AD04BB193F90E30994244
:103E1000A8BF19466FF07E039942B8BF194602F059
:103E20000FFD40B13146084800F0A0FA6FF00A00DB
:103E3000B0E70025D2E7002DF4D186F31188BFF357
:103E40006F8FF3E750060020920C0020F8B58368CE
:103E50000546002B40D0234A926893423FD1C36865
:103E6000012B03D9013BC3600020F8BDEFF311879C
:103E7000202383F31288BFF36F8F0169806802F0FB
:103E8000DFFC2C68A54207D10023C5E9023387F384
:103E90001188BFF36F8FE7E7002CF5D0D4E900322B
:103EA000002613605A60637BC4E9006623F00203B6
:103EB0006373A66004F1180002F085FDAC6094F90C
:103EC0000E3020462B61C4F8BC6002F00DFD39466F
:103ED000054800F04BFAC7E76FF01500C5E74FF053
:103EE000FF30C2E750060020920C002070B5EFF3BF
:103EF0001186202383F31288BFF36F8F0468A042DA
:103F00001BD0D4B1D4E90032002513605A60637B22
:103F1000C4E9005523F002036373A56004F118009F
:103F200002F051FD2046C4F8BC5002F0DDFC3146E1
:103F3000BDE87040064800F019BAD0E902329A4252
:103F400018BF0133836086F31188BFF36F8F70BD94
:103F5000920C002013B5EFF31181202484F3128812
:103F6000BFF36F8F846844B1013C846081F3118892
:103F7000BFF36F8F002002B010BD52EA030406D1D8
:103F800081F31188BFF36F8F6FF00F00F3E7CDE976
:103F900000230246014800F055F9ECE7920C00209E
:103FA0002DE9F04F984685B000F15803C0E916336B
:103FB000129B002503730423D61D26F007064373C6
:103FC000119B01EB060A0F46C0E906555146856074
:103FD0008373C5730446DDF838B0DDF84C90FCF708
:103FE00089FD109B073020F00700C4E92976C4F84A
:103FF000AC0002930F9BAAEB0006CDE900B332465A
:10400000434639462046FDF721F80F9BC4E91C8B37
:10401000A367109B656584F86C50E367EFF3118329
:10402000202282F31288BFF36F8F104F3A6A3C62EE
:10403000C4F8802083F31188BFF36F8FB9F1000FAC
:1040400011D01F22494604F1840002F052FF84F887
:10405000A350BB680BB1D3F8B0303046C4F8B030D1
:1040600005B0BDE8F08F84F88490F2E75006002098
:1040700040F2011383810023C0E92933C0F8B03036
:10408000014B9860704700BF500600206FF00A0196
:10409000094A9368C3F8BC100849C3F8B8004B68D4
:1040A00043F080534B60002383F31188BFF36F8F7D
:1040B0009368D3F8BC0070475006002000ED00E084
:1040C00070B590F90D20437B002A36DBD90634D138
:1040D0001B4C63F07F032246437352F8183FE1699B
:1040E000934207D1C0E900210860E06111E09942E4
:1040F000F8D01B68002BF5D090F90E5093F90E60A4
:10410000B542F4D0AE42F2DD5968C0E90031086032
:104110005860A569954200D005B9E568A3685A7B47
:10412000D20604D1DA897F2A01D9AA6932B1AB4219
:1041300002D0284600F036FB656170BD6361FCE784
:104140005006002038B590F90D200146002A437B27
:1041500004DA03F07F03437302F08CFB0D4D2A4613
:1041600052F8184FAB68944200D004B9EC688B4207
:1041700007D05A7BD20604D1DA897F2A01D9A269F5
:104180002AB1A34202D0204600F00CFB23466B610B
:1041900038BD00BF50060020B3F1FF3F08BFB2F1A9
:1041A000FF3F03D00249183000F0C0BB704700BF8A
:1041B0004D69000070B590F90D200146002A437B3F
:1041C00004DA03F07F03437302F054FB1C4C4B7B77
:1041D000224663F07F034B7352F8183FE069934225
:1041E00007D1C1E900200160E16111E09842F8D0F7
:1041F0001B68002BF5D091F90E5093F90E60B54273
:10420000F4D0AE42F2DD5868C1E900300160596077
:10421000A569A368954200D005B9E5688B4207D02F
:104220005A7BD20604D1DA897F2A01D9AA692AB138
:10423000AB4202D0284600F0B5FA2B46636170BD50
:1042400050060020F8B5DDE906670D4B0C4698686E
:1042500011460C4A1060EFF31182202282F312887B
:10426000BFF36F8F9D68284602F016FB2846324642
:104270003B46FFF791FF2046BDE8F840FFF706BF39
:104280005006002074060020F8B50446EFF31187AD
:10429000202383F31288BFF36F8F437B49B203F06F
:1042A0001F02002A0CBF0126002639D103F07F032C
:1042B0002D4D437302F0DEFA2A46437B817363F08F
:1042C0007F03437352F8183F934227D1E869C4E94A
:1042D00000200460EC610FE09842F8D01B68002BCE
:1042E000F5D093F90EC06145F6D08C45F4DD5968E0
:1042F000C4E900310C605C60AC69944200D004B940
:10430000EC68AB689C4202D0204600F04BFA6C612E
:1043100087F31188BFF36F8F3046F8BDE869DEE799
:104320009B071ED5856802F0A5FA81732B689D4214
:1043300009D16B68C4E900531C606C60E8E76A68E7
:104340009342F6D01B68002BF3D093F90E209142D4
:10435000F5D08A42F3DD5A68C4E9003214605C602B
:10436000D6E78173D4E700BF5006002049B9EFF3C8
:10437000058030B9054B5A699B689A4201D0FFF716
:1043800085BE81F31188BFF36F8F70475006002000
:10439000034648B9EFF3058232B9064A516992687B
:1043A000914201D0FFF772BE83F31188BFF36F8F84
:1043B000704700BF50060020EFF31181202383F3E4
:1043C0001288BFF36F8F054B9A68D37B013BD37381
:1043D00081F31188BFF36F8F704700BF5006002034
:1043E00070B5EFF31186202383F31288BFF36F8F2C
:1043F000144DAB68DA7B0132DA732A4652F8184F53
:10440000944200D004B9EC685A7BD20604D1DA8910
:104410007F2A01D9A2692AB1A34202D0204600F026
:10442000C1F923466B6186F31188BFF36F8FEFF3F9
:104430001180202383F31288BFF36F8FBDE8704093
:10444000FFF7A6BF50060020024B03F11802C3E994
:10445000062270475006002070B5EFF31186202326
:1044600083F31288BFF36F8F1B4CA168E0690B6860
:10447000814214BF1A46002249680B605960A36844
:10448000E1692AB9154AC3E900210B60E3610CE038
:1044900093F90E0092F90E50A84218D0854216DD0D
:1044A0005168C3E900210B605360A5690B4B9D4225
:1044B00000D005B9E568A3689D4202D0284600F007
:1044C00071F965613046BDE87040FFF7DFBD8A4293
:1044D000D8D01268D5E700BF50060020680600203B
:1044E000F8B550EA010306460C4603D1FFF7B4FFC6
:1044F0000020F8BDEFF31187202383F31288BFF368
:104500006F8F124D124BA8681860FFF71BFEA8684A
:10451000234632460F49183000F008FAAA680446CC
:10452000537B384643F004035373FFF7AFFDAB688A
:10453000D3E90A23B3F1004F08BF002AD8D102F013
:104540006AFA201A20EAE070D3E700BF5006002084
:10455000740600204D69000038B504460D46FFF78B
:10456000BFFFB5F1FF3F08BFB4F1FF3F0246204651
:1045700018D000234FF47A7447F611201946C2FB75
:10458000040147F61222904271F100020BD3084B4E
:10459000834243F608538B4107D347F61222002388
:1045A000FBF76CFF38BD1846FCE76FF00040F9E7F9
:1045B000ED85FFFF38B50446EFF31185202383F323
:1045C0001288BFF36F8F437B5B070FD5183002F063
:1045D000FAF9637B204623F004036373FFF770FD51
:1045E0002946BDE838400448FFF7C0BE85F311886E
:1045F000BFF36F8F38BD00BF920C0020014B98684D
:10460000704700BF500600202DE9F8430446077BA1
:10461000EFF31185202383F31288BFF36F8F437B61
:10462000190705D585F31188BFF36F8FBDE8F883AF
:10463000D90943F008025DD14273A36813B1204643
:1046400002F020F904F1180002F0BDF9A66D04F1A2
:104650005808B04511D04FF0000976B1304602F04D
:1046600011F906F1180002F0AEF93046C6F8BC9018
:10467000FFF726FDA66DB045EFD1DFF8C080D8F872
:1046800008309C423ED1EFF30589B9F1000918BF0B
:104690004FF00109D8F81860294A964200D00EB9A7
:1046A000D8F80C60B34202D0304600F07BF82046C8
:1046B000C8F8146000F0CEF8B9F1000F02D021481C
:1046C000FFF7D6FCD8F808309C4231D1EFF30583D0
:1046D00073BB227BD20718D42846FFF7D7FCFB0711
:1046E000A4D5002383F31188BFF36F8F04231846EA
:1046F00002DF9BE703F07F0343F00803437302F0FC
:10470000B9F89AE74FF00009C4E785F31188BFF3C1
:104710006F8F83F31188BFF36F8F0423184602DF76
:10472000EFF31180202383F31288BFF36F8FD4E758
:1047300085F31188BFF36F8FD1E700BF50060020CB
:1047400068060020380300200122044BC01A044BE5
:10475000C0105843034B1A54704700BFF8030020A1
:10476000ABAAAAAA920C0020C3897F2B12D80A4BAD
:104770001B6863B1094B90F90E201B689A4209DB54
:10478000437BDB0606D1064BC31A18BF012303F097
:10479000010070470023FAE7EC00002078060020B3
:1047A000B801002070B50E4B0E4C1E7C054606EB82
:1047B000460304EBC304204602F005F900220A4B2D
:1047C00028469A55FFF7D0FF48B1084B2046BDE870
:1047D00070401A680649013AD31700F0A7B870BDB7
:1047E00050060020F8030020920C0020EC0000206E
:1047F0004947000038B5EFF31185202383F3128871
:10480000BFF36F8F104B114A9C681068A04206D10D
:10481000FFF7C8FF85F31188BFF36F8F38BD002104
:104820001B7C11600A4AD35C002BF3D02046FFF7B3
:104830009BFF0028EED0637BDB0602D12046FFF70A
:10484000B9FC2046E4E700BF5006002074060020B3
:10485000920C0020EFF31181202383F31288BFF321
:104860006F8F0C4A136A834208D1D3F880301362E9
:1048700081F31188BFF36F8F70471346002BF7D079
:10488000D3F880208242F8D1D0F88020C3F880206D
:10489000EEE700BF50060020074808B5074A084960
:1048A000121A01F0C0FFBDE808400648064A074951
:1048B000121A01F0B8BF00BF40000020A80100207C
:1048C000C48F00004000002040000020C48F000082
:1048D000024B1868984208BF00207047F000002083
:1048E000034B1B680BB9FDF705BC0020704700BFE8
:1048F0007C06002030B570B10B4B5B6898420AD043
:10490000036843B1D3E90421D0E90445121941EB0E
:104910000501C3E90421D0E9003213605A60002385
:10492000C0E9003330BD00BFF0000020B3F1FF3F0D
:1049300008BFB2F1FF3F2DE9F84F044699461546EE
:104940001F467BD08160EFF31188202383F3128808
:10495000BFF36F8F013279F1FF33DFF8E8A020DB7E
:10496000FFF7BEFFDAE90027013549F100092D18EC
:1049700049EBE07306464FF00109C4E90453AD1852
:1049800043EB0707FFF7A4FF0346DFF8BCE0DEF8C0
:1049900004A0EBB9C4E900EACAF80040CEF804402C
:1049A00028E06FF00103DAE900125B1A4FF0FF31E3
:1049B00061EB02025B1B62EB0902012B72F1000149
:1049C000BCBF012300224FF00009C0E90432D9E73F
:1049D000D3E9041CD4E904208A4270EB0C0B24DADE
:1049E000891A5A686CEB0000C3E90410C4E900326C
:1049F00014605C60FFF76CFF84420ED1134B1B68A0
:104A00005BB9B9F1000F02D1FFF76AFF06463046E5
:104A100001F0C2FF0021FDF77DFB88F31188BFF391
:104A20006F8F28463946BDE8F88F521A60EB0C00AC
:104A30009A45C4E90420ADD01B68AAE700252F469B
:104A4000EFE700BF10040020F00000207C060020EB
:104A50002DE9F047EFF31185202383F31288BFF38C
:104A60006F8FDFF8A0900026C9F800000027FFF73D
:104A70002FFFDFF89480D9F80030D8E900ECD9177F
:104A800050B1D0E90442A34271EB020A1BDAE41AE6
:104A900062EB0102C0E90442002413EB0E034CEB6D
:104AA00001012046C8E90031C9F8004001F074FF57
:104AB0002146FDF72FFB85F31188BFF36F8FBDE80B
:104AC000F047FFF797BE14EB0E024CEBE473C0E91E
:104AD0000467C8E90023FFF70DFF85F31188BFF3D2
:104AE0006F8F83689847EFF31185202383F3128833
:104AF000BFF36F8FD9F800301B1BC9F80030FFF7E8
:104B0000E7FEB8E77C0600201004002010B5EFF3A4
:104B10001184202383F31288BFF36F8FFFF7E0FE29
:104B20000346054AD2E90001181841EBE37184F30A
:104B30001188BFF36F8F10BD10040020F8B50D4E23
:104B40000D4C0E4D33680E48984767782B680C481B
:104B5000984733680B489847022F08D12478E31F01
:104B60005C425C412B68074898472046F8BD00240A
:104B7000F8E700BF1C01002080060020180100207B
:104B80007C0100206801002070B51D4E1D4C33686B
:104B90001D4898472378590744BF23F00403237026
:104BA00023789A0705D500F0C1F8237823F0020393
:104BB0002370164D14482B6898473368144898475B
:104BC000637813B1134801F057FF00230421114803
:104BD000637000F0CBF82B680D48984733680A489B
:104BE00098472378DB0705D501F043FF237823F0AE
:104BF000010323702B680448BDE87040184700BFCC
:104C00001C010020800600206801002018010020FF
:104C10007C010020840600202DE9F041FFF78EFF83
:104C200018B100242046BDE8F081364F36483B6875
:104C30009847044620B16FF08F04FFF7A5FFF1E716
:104C4000324D2B78D80706D401F011FF04462B789B
:104C500043F001032B702E4E2B483368984710B158
:104C6000002CE8D0E9E7002CE7D13B6826489847BC
:104C700004460028DFD12B78990706D400F04EF8BF
:104C800004462B7843F002032B7033681E48984784
:104C90000028E5D1002CD0D13B681B48984700285C
:104CA000C9D13368184895F8008098470028C2D1C8
:104CB0003B681848984704460028BCD16B7843B934
:104CC00018F0010F05D0144801F0D4FE0223044669
:104CD0006B7033680F4898470028C1D1002CACD1C5
:104CE0003B68094898470028A5D12B7806485A0701
:104CF0005CBF43F004032B7033689847002890D0C2
:104D000099E700BF1C0100206801002080060020F8
:104D1000180100207C010020840600200122024BA3
:104D2000002083F880257047880600202DE9F04197
:104D30000A4C002526464FF0010803272046C4F8F8
:104D400020802777013501F075FE202D04F12C0419
:104D5000F4D1002386F88035BDE8F0818806002074
:104D6000014B1B68184700BFF800002010B50A4629
:104D7000044619B1024B00211B68984710BD00BFC3
:104D8000FC00002010B50C4C206802F019F80B4A0A
:104D90001368591C11604BB9094A4820D2F80034F5
:104DA00043F00703C2F80034FCF7E8F82068BDE8D8
:104DB000104002F00BB800BF040100200C0C0020D2
:104DC0000080045038B5164D286801F0F9FF154BE6
:104DD0001C68013C1C60ECB94820FCF7DDF8072298
:104DE000114BC3F80823D3F8002422F00702C3F8BC
:104DF0000024C3F80041D3F80021C3F80441D3F8DC
:104E000004214FF48072C3F80841D3F80831074BEE
:104E1000C3F888212868BDE8384001F0D7BF00BF3B
:104E2000040100200C0C00200080045000E100E090
:104E300070B5114D114E2B68B3421BD0FFF7A2FF86
:104E400000F08CFA0E4A0F4B0F4952F8040B43F84E
:104E5000040B8B42F9D100F0BFFA40B101F019FE0A
:104E60000446FFF7AFFF04B92E60204670BD00F086
:104E7000C1F9F5E70024F8E700010020117365008F
:104E8000807B000000C080511CD380510022074B62
:104E9000C3F81021C3F80C21C3F80021C3F8042182
:104EA000C3F80821C3F81421704700BF0050045014
:104EB00008B5FFF7EBFF01230360104B0A6832B916
:104EC000D3F80C211AB9D3F80821002AF6D00B68C0
:104ED0007BB90B4B99420ED0A3F58473D3F80831FC
:104EE000002B0CBF4FF0FF306FF00200FFF7CEFF3A
:104EF00008BD0020FAE74FF0FF30F7E700500450FC
:104F00000851045038B505460C4691B100210120E6
:104F100001F0DAFB08480949C0F80055C0F804451B
:104F2000FFF7C6FF00210446084601F0CDFB2046EE
:104F300038BD6FF00104FAE70050045000510450EE
:104F400010B504460021012001F0BEFB064B0749C5
:104F5000C3F800450648FFF7ABFF002104460846AA
:104F600001F0B2FB204610BD00500450085104501F
:104F70000850045038B50C4659B1074D0749C5F8DB
:104F800000050748FFF794FF10B9D5F808352360EE
:104F900038BD6FF00100FBE7005004501051045081
:104FA0000C5004502DE9F04F89B006460F4690464C
:104FB0001D4601F026FE044678B973690090C3F3DC
:104FC000013262F305148DF8004014F0300408D16A
:104FD000B168890710D06FF08604204609B0BDE89B
:104FE000F08F102C08D1BDF8023023F4F87343F48D
:104FF000A873ADF802304EE0DBB2F82B02D06FF0B0
:105000008504EAE700234FF0010B9E461946184637
:10501000D6F808C0DFF8CC9159F804AB1CEA0A0FA7
:1050200008D00BFA00F343EA0E0303F07F0E0123CE
:1050300041EA0A0101300728EED12BB19DF8033077
:105040006EF347038DF803303CEA0101D7D1738832
:10505000FF2B35D005D8802B34D0C02BCFD10223E5
:1050600003E0B3F5807FCAD104239DF8021063F3F7
:1050700006118DF8021014B91CF0030FABD133796F
:10508000022B2BD020D8012BA5D1BDF8021063F341
:10509000C811ADF80210012A6FD0032A23D0002ACC
:1050A00099D13388B3F5105FA9D1182D6DD0202D7B
:1050B00070D0102D8FD1DFF830A101251F261AE006
:1050C0000323D2E70123D0E7032B01D0FF2B82D1AA
:1050D0000221BDF8023061F3C8138AE7BDF802303F
:1050E00043F4C07385E7412D3DD104254F26DFF8F9
:1050F000FCA008F101080024381901F056FD002831
:105100006CD00134AC42F7D11F2E07D02946384667
:1051100001F05FFD044600287FF45FAF009B4FF075
:10512000FF39079300239B46CDF818A0BDF8022055
:105130004344C2F3C112059201AC03F1100C2246A4
:1051400018685968083303C263451446F7D101A9AA
:1051500007EB0B00FFF7D6FE044630B301F051FD1C
:105160006FF0920439E7182D19D0202D1AD0102D88
:105170007FF431AFDFF874A09FE7302D7FF42BAFC1
:1051800003253F26DFF868A0B5E7DFF85CA002251D
:105190002726B0E7DFF850A002252F26ABE7DFF87F
:1051A0004CA0F4E7DFF844A0F6E71C2101A80BF1BE
:1051B000010B01F0EEFCAB4506D00AEB0B12CDE97A
:1051C00006294FEA0B13B1E71F2E3FF406AFFA2072
:1051D000FFF7B6FE00283FF400AFC1E76FF08A0486
:1051E000FBE600BF9C8E00004000815100000020C3
:1051F0001084045010B590B01C22002101A801F0C9
:1052000070FEF82001F0D1FC08B3202200200DEB45
:10521000020100F089F90446F8B901A84FF4807141
:1052200001F0CDFC0E4B0F4904930F4BCDE9011358
:105230000E4BF821069320230DEB0302FFF7B2FE7D
:10524000202104460DEB010001F0A3FC05E0F9204C
:1052500001F0ABFC0028D8D10446204610B010BDA8
:105260000010C00400240001014B4E80F800FF7FB5
:1052700010B50446FFF786FD104B186801F0A0FD3D
:105280000CB101232370BFF35F8F4FF0A3430022C3
:10529000DA61BFF35F8FBFF35F8F4FF0FF321A63A6
:1052A000BFF35F8FBFF35F8F3422DA61BFF35F8F8D
:1052B0000122034BC3F8042310BD00BF08010020E6
:1052C0000080045010B5044638B9FFF77BFDBDE8F7
:1052D0001040074B186801F079BD03783BB1FFF728
:1052E00071FD034B186801F071FD0023237010BDA0
:1052F0000801002038B5164CD4F80051C5B1BFF3F1
:105300005F8F4FF0A343996ABFF35F8FBFF35F8F47
:105310004FF0FF321A63BFF35F8F0023C4F80031F0
:10532000D4F800310B4B1868BDE8384001F061BD7E
:10533000D4F8083153B100F06DF801F085FCC4F8E1
:105340000851D4F808310121034BECE738BD00BF08
:1053500000800450100100200C01002008B5074B0C
:10536000186801F035FD064B186801F031FDBDE805
:105370000840002248201146FBF730BE10010020F3
:105380000C01002038B5094B1C7864B1084B4FF074
:10539000FF311D68284601F01DFD4FF0FF31044626
:1053A000284601F024FD204638BD00BF910C0020A6
:1053B0001001002010B5064C236D3BB9214651F871
:1053C000503B986901F04DFC01232365014810BD55
:1053D000100C0020600C002038B500240B4D0C4B45
:1053E000EC662B6003F5C0436B60FFF7E3FF50B141
:1053F0006B6D2046B3F5007FCCBF4FF480634FF454
:105400000073AB6038BD0E20FCE700BF100C00201D
:105410000020805100487047100C00204FF480732A
:105420002DE9F04796B0804603A80393002401F0CD
:1054300043FC4FF010091E4E0DF12F0525F01F05FE
:1054400006F1200A012210211A4801F08DFB2B19C8
:1054500000935246102320211548CDF8049000F007
:10546000EBF80746F8B9D6E90C321034013342F1B3
:105470000002302CC6E90C32E4D1B8F1000F04D0A0
:1054800022464146284601F062FB2E46084C0FCECC
:105490000FC496E80F00203584E80F0095E80F0050
:1054A000103484E80F00384616B0BDE8F08700BF1E
:1054B0001804002038040020F0B5184D184FAB6BCD
:1054C0008DB0BB4228D0174E306801F079FC4023E4
:1054D00000221946284601F051FB684601F0F9FB0D
:1054E000044678B96846FFF799FF044690B930231F
:1054F00002461946684601F041FB01220023C5E936
:105500000C23AF63306801F061FC204601F0C1FA62
:105510000DB0F0BD0E24F5E70020F9E718040020D7
:10552000B4A5B4A5140100202DE9F04F99B00DF1F8
:10553000570802F10F0982460E46144628F01F084C
:105540004FEA191922B100296CD0B2F5803F69D811
:10555000364F374D386801F033FCD5E90C32134330
:105560000BD15046FFF7A8FF834630B1386801F0F1
:105570002DFC584619B0BDE8F08FD5E90C2319EB86
:10558000020243F10003B3F5803F13D302A801F0F8
:10559000A0FBE8B902A8FFF741FF83460028E5D148
:1055A00030230246194602A801F0E8FA002200233F
:1055B000C5E90C234FF4807302A8029301F07CFB31
:1055C000DFF870A03CB92046FFF728FF8346CDE7FF
:1055D0006FF0920BCAE7102C4FF001024FF0100150
:1055E0005046A14628BF4FF0100901F0BDFA102324
:1055F00052462021CDE900830D4800F01DF8834676
:105600000028B3D14A463046414601F05DFCD5E959
:105610000C32013342F10002C5E90C32A4EB09045B
:105620004E44CFE76FF0860BA3E700BF14010020C4
:10563000180400203804002010B543F0005392B045
:10564000109321234FF480740E9201221193149B26
:1056500001940293159B01AC41F0005106940C910A
:10566000112440F6110143F00053CDE90323202318
:10567000DFF864C00A90CDE908C40D9100200EA99E
:105680000AAC07940B910F920593FFF7F1FDBFF35E
:105690005F8F4FF0A34306AA1A60BFF35F8FBFF37B
:1056A0005F8F02AA1A61BFF35F8FBFF35F8F032280
:1056B0005A63BFF35F8FBFF35F8F9A63BFF35F8F50
:1056C00001F045FB431C0446FAD00020FFF7FAFD29
:1056D000204612B010BD00BF04000020BFF35F8F52
:1056E000094A1368BFF35F8F43F48071BFF35F8F84
:1056F0001160BFF35F8F23F48073BFF35F8F13607C
:10570000BFF35F8F704700BF0010805108B5FFF7EF
:10571000E5FFBFF35F8F064A1368BFF35F8F43F067
:105720000103BFF35F8F1360BFF35F8F08BD00BF3E
:105730000010805170B50026C0E9006605460C4691
:10574000FFF720FB01232B70FFF7C8FFBFF35F8F2C
:10575000204BDB68BFF35F8F9B08013BACB3226833
:1057600042B19A4205D9FFF72DFB6FF03F002E7032
:1057700070BD1346D4E90115E068002908BF4FF455
:105780000071002808BFF1202469BFF35F8F114A20
:105790009360BFF35F8FBFF35F8F1564BFF35F8FBD
:1057A000BFF35F8F5064BFF35F8FBFF35F8F5163B1
:1057B000BFF35F8F44F4802444F00104BFF35F8F94
:1057C0001460BFF35F8F0020D2E74FF40071F12027
:1057D0002546DAE70010805170B503780D4614466F
:1057E000002B53D0BFF35F8F2D4A136BBFF35F8F36
:1057F0005908C3F34203052B4BD011F0060F02D119
:105800004FF0FF3070BD4368D3B9BFF35F8F53686B
:10581000BFF35F8F032BF3D9224B2349BFF35F8F75
:10582000D2F88060BFF35F8FBFF35F8F43F8046BE4
:10583000BFF35F8F8B42F1D1FFF768FF0123436015
:10584000BFF35F8F164B9A68BFF35F8F0132B4EBE3
:10585000021F21D8BFF35F8F5A68BFF35F8FB4EB8D
:10586000820FCDD884B1BFF35F8FD3F88020BFF310
:105870005F8F291D05F8012B8D424FEA122204F19A
:10588000FF34EFD0002CF5D10020BBE76FF02000F3
:10589000B8E76FF05100B5E76FF03F00B2E700BF27
:1058A0000010805110108051201080512DE9F743D5
:1058B000002600F10C080096EFF31189202484F3F0
:1058C0001288BFF36F8F8568694005EA02070A40B6
:1058D00055400C496A468560019501F03BF8009CF3
:1058E00044B12046C4F8BC6065660021246E01F016
:1058F0000AF8F5E740464946FEF738FD384603B05A
:10590000BDE8F083796E00002DE9F04F43688DB05B
:1059100015468046029383789A0740F10D81002452
:105920000E78002E00F00A81252E0BD04B1C03931D
:10593000013441463046029B98470028C0F2F68069
:105940000399EDE74E788B1C252E0393F0D00027AA
:10595000B946BB46BBF11F0F38D8A6F12003102B68
:105960000AD8DFE803F02A090930090909210909E1
:105970000928092D09091F00A6F13003092B33D985
:105980002A2E37D11BF0400F55F8043B40F082809F
:10599000002BA7BF4BF0200B9946C3F100094BF039
:1059A000280B01E04BF0010B039B13F8016B0393F1
:1059B000002ECFD130E04BF0020B4BF0040BF3E79D
:1059C0004BF0080BF0E74BF0100BEDE7BBF17F0F4E
:1059D00019D8A6F13003092BD2D81BF0400F03D001
:1059E0000A2101FB0737DFE70A214BF0200B01FBFF
:1059F0000939D9E72E2E06D11BF0400F40F09E80CA
:105A00004BF0400BD0E76C2E31D02BD8682E36D01F
:105A10006A2E3CD04C2E3AD0002F46F02003B8BF5F
:105A20002BF04002A3F16501BCBF00271FFA82FBE7
:105A3000022901D9612B2FD107350727DFF8ACA246
:105A400025F0070508351BF0080F66D00AEB070B99
:105A500056465E4563D1A4EB0A0AA9EB070906EB9B
:105A60000A026FE1742E9FD07A2E9DD0D4E71BF0EE
:105A7000800F18BF4BF4007B4BF0800B94E71BF4B6
:105A8000807F18BF4BF4007B4BF4807B8CE74BF49A
:105A9000207B89E71F4687E7A6F16301122900F200
:105AA000F080DFE811F013004F00EE00EE00EE0092
:105AB000EE004F00EE00EE00EE00EE00EE00FE0005
:105AC000E900EE00EE001B00EE00AF0055F8043BCD
:105AD00001270DF1180A8DF81830B4E755F804AB1A
:105AE000834BBAF1000F08BF9A461BF0400F504697
:105AF00014BF39464FF0FF3101F00BFA0746A2E719
:105B000041462020029B984700280FDB013EB74208
:105B1000F6D34C44B146A41B98E74E46F7E74146FE
:105B200016F8010B029B9847002892DA98F8023089
:105B300043F0040388F802304FF0FF3420460DB0E4
:105B4000BDE8F08F1BF0800F34D01BF4007F2CD009
:105B5000073525F00705AA4669685AF8080B2BF0A7
:105B600010050029ADB237DA404245F4806561EB9B
:105B700041010DF1180B0A235A4601F0D6F9A0EBAA
:105B80000B0301936B0662D5019B25F001019F4237
:105B900089B240F3A180002E00F0998015F0100228
:105BA00040F09C80BB460D4623E0AA465AF8040B01
:105BB000C117D4E7AA461BF4807F5AF8041B01D111
:105BC0000846F5E71BF4007F19BF48B241F3C01146
:105BD00008B241F3C031C2E750EA0103C9D11BF05A
:105BE000400FC6D0002FC4D12BF01102BB46019745
:105BF00095B240F2064115EA01021CBF0BF1010B00
:105C000000222CE02BF010020A231FFA82FB1BF06B
:105C1000800C49D01BF4007115BF0735AA4625F04A
:105C200007055AF8040B1EBFAA4669685AF8080B04
:105C300050EA010545D12BF016051BF0400FADB21F
:105C400042D0002F40D12BF01702019795B215F0EA
:105C5000100248D0019B002E42D103F1010B29070D
:105C60005AD4EB0706D5D9456FDDA9EB0B03019993
:105C7000CB465F185B4649E04BF0100B10237826AB
:105C8000C5E7782B04D1C6F1780343F01003BEE7D3
:105C900041462520029B98470028FFF647AF023473
:105CA00047E608230026B2E7AA461BF480715AF89B
:105CB000040BBDD01BF400711ABFC0B2614680B2A4
:105CC000B6E72BF0060295B20DF1180B54E725F05C
:105CD0001105BB46ADB28CE70D46B8E73B460D4615
:105CE00003F1020BBBE7DDF804B082E7BB8F0000D5
:105CF000B48F0000CDE9043241462020029B984732
:105D00000028FFF613AF049B059A01339945F1DC97
:105D1000A4EB0B019B46CC180AB341463020029BF2
:105D200098470028FFF602AF8EB901342744391B8B
:105D3000019B994224DC1D4655BB019AA9EB0B0936
:105D4000554622441446914433E0019F92E70234C1
:105D500041463046029B98470028E7DAE6E640F2E3
:105D600006410D42E2D015F0020F04F10104414654
:105D700014BF2B20202015F4806F18BF2D20E9E7D9
:105D800041463020029B013498470028CFDACDE607
:105D900006AB013D4146585D029B98470028CBDA8F
:105DA000C4E641462020029B013498470028FFF6B4
:105DB000BDAEA9EB0403002BF3DCC1E5704703463D
:105DC0000A4619790123006803FA01F103691B6887
:105DD000194218BF82F0010212B18368DB681847CC
:105DE00083681B69FBE7034670B41979DB88006898
:105DF00043F400320124056913F0010F2B6804FA03
:105E000001F4866814BF2343A3432B60336870BC3E
:105E10001847836800EBC101B3F5004F2CBF51F860
:105E2000220031F81200704700EBC1018068B0F524
:105E3000004F2CBF41F8223021F812307047012268
:105E400008B5FFF7E6FFD04008BD836800EBC1014D
:105E5000B3F5004F08D34B681AB143F001034B6010
:105E6000704723F00103FAE74B881AB143F00103AE
:105E70004B80704723F00103FAE753000122FFF73C
:105E8000D3BFB0F5004F34BF04230823481C0833A8
:105E9000A0EBD300B0FA80F0C0F11F0070472DE9ED
:105EA000F0410D4686680446FFF7C9FFB6F5004F7E
:105EB000014601D3012832D03046FFF7E2FF04EB60
:105EC00080010E6996B90122E36882401343E360C2
:105ED00002220D612B4629462046FFF7A5FF03222B
:105EE00029462046BDE8F041FFF79EBF0222314619
:105EF0002046FFF78EFF0746034629462046FFF758
:105F000093FF0322334629462046FFF78DFF39468B
:105F10002B462046FFF788FF02223146E1E7BDE825
:105F2000F081B2F5802F2CBF082304232DE9F04126
:105F30000026D21A8C18CD1D25F0070524F0070481
:105F4000641BE408056021462046AC60EE60FFF764
:105F500098FF421D9200013002F107074FEAD70770
:105F60003146A2F1100205F11000B8BF324600F030
:105F7000B8FF3A4631462846FFF77FFF33463246A0
:105F800031462846FFF750FFA4EB07082846314664
:105F90000122FFF75AFF42463946FFF76EFF3B46A4
:105FA000324639462846FFF73FFF21462846FFF78D
:105FB00064FF4346324621462846FFF735FF214617
:105FC00028460122FFF741FF3946BDE8F041FFF7BF
:105FD00066BF002070470FB407B504A951F8040B41
:105FE0000191FAF72FFC03B05DF804EB04B07047A1
:105FF000038B13F0070305D10368002B0CBF0020AF
:1060000003207047022B05D1408BB0FA80F0400985
:1060100080007047012B05D10368002B0CBF0020C6
:10602000052070470020704710B50C4600B111B92B
:106030006FF0150010BD081D00F093F80028F9D18D
:10604000A368032BF6D9F3E72DE9F0410D46074687
:106050001946281D90461E4600F094F8044638B1B3
:106060003346424629463846A446BDE8F0416047DB
:10607000BDE8F08110B4EFF31182202484F312887C
:10608000BFF36F8F416110BC0121FAF70DBC38B529
:106090000C46054658B151B10B6843B14B6833B15A
:1060A0001C22002100F01DFF00202C6138BD6FF084
:1060B0001500FBE770B505460E46FFF7B5FF041E59
:1060C00014DBEFF31182202383F31288BFF36F8F69
:1060D0004FF6FF716B8B2C8B8B4204F0070407D1BA
:1060E00082F31188BFF36F8F6FF00A04204670BDF2
:1060F000022C0CD101336B8382F31188BFF36F8FB5
:106100000023224631462846FFF79EFFEEE7062C85
:1061100014D8DFE804F004131313041A0400002356
:1061200033606B683BB9C5E90066ACB9022128460B
:10613000FAF7BAFBDAE71E606E60F6E782F31188C1
:10614000BFF36F8F6FF00404D0E782F31188BFF3C1
:106150006F8F6FF08504C9E782F31188BFF36F8FEB
:10616000C4E7034658B1426802F00302012A03D093
:10617000032A04D1026812B10020986070476FF0C2
:10618000150070474268034602F00302032A4FF0ED
:106190000002816014BF104600685A607047704763
:1061A000012801D1EFF30583FDF79CBC014600688F
:1061B000FFF7F6BF08B5FAF799FCBDE80840FAF713
:1061C000B9BC00210120FFF7EBBFD0F8A43083F366
:1061D0000B88704761B662B680F31188BFF36F8F8A
:1061E000704772B6002383F31188BFF36F8FBFF33C
:1061F0004F8F30BF62B6BFF36F8F704772B6002308
:1062000083F31188BFF36F8FBFF34F8F20BF80F3ED
:106210001188BFF36F8F62B6704740E800F313F444
:10622000803FD8B208BF6FF01500704730B50C68DA
:106230004B6885B00A894D890094013B24F01F0406
:10624000234402F01F0242EA451223F01F0369466D
:106250008DF808200393FAF795FF05B030BD0C22A6
:106260000369C9B201FB0233186C00F007007047E4
:1062700070B5C9B20369EFF31185202484F3128845
:10628000BFF36F8F0C2606FB0134246C14F0C0049E
:1062900008D0A24206D085F31188BFF36F8F4FF06C
:1062A000FF3070BD012206FB01331A6485F31188AB
:1062B000BFF36F8F436803EBC1035B68984700200F
:1062C000EFE78022FFF7D4BFF8B5069F0469C9B293
:1062D000EFF31186202585F31288BFF36F8F0C250D
:1062E00005FB0144256C05F0070CBCF1010F0CD136
:1062F000276486F31188BFF36F8FC4E90E234368C8
:1063000053F8313098470020F8BD05F0C005AF4282
:1063100086F31188BFF36F8F0CBF6FF077004FF0DB
:10632000FF30F1E713B580240094FFF7CDFF02B0F2
:1063300010BD10B41C240069CBB203FB0400002183
:1063400010BC10470020FCF7BDB8002000F0F3B8E7
:106350001046FDF7CBBD022804D0042804D100204C
:10636000FBF7EAB90120FBE77047436800205B6850
:10637000DB680B607047436802EA01005B6821EA52
:1063800002015860002099607047436800205B68F4
:1063900059607047436800205B68996070474368A4
:1063A0005A68136821EA03000B4050600020936094
:1063B000704710B503695868F8B1884219D19C68D4
:1063C0000868A142586000D19860002008602AB196
:1063D0005A680A609A68596002B99960002010E012
:1063E000814206D10868206098688142EDD19C60A6
:1063F000EBE7044600680028F2D1002AE8D16FF0EC
:10640000150010BD00F060B800220121C620FAF787
:10641000E5BD38B50446056901222846114600F05D
:1064200017FA012205F11000002100F011FA2046B0
:10643000BDE83840FBF71CBD0069FDF78BBD006966
:10644000FDF754BD13B501AA044600F046F8002834
:1064500005DB019B226819791868FBF737FD02B04C
:1064600010BDCA07436816D4C1F3420102290AD0FD
:1064700003290CD001290ED14FF0CC721B680020EB
:10648000C3F8242570474FF0C8621B68F7E74FF048
:106490007F621B68F3E76FF01500704710B5446822
:1064A0000021606AFFF7CEFF2046BDE81040FCF7F0
:1064B000E7BF10B544682046FCF7F2FF606A01218F
:1064C000BDE81040FFF7BEBF10B54468FFF7F1FF0D
:1064D0002046FDF705F8002010BD30B54368136075
:1064E000057A446804EBC504A34202D36FF00100AF
:1064F00030BD5C798C4201D00833F0E70020F7E72B
:1065000007B56846FCF74AFDDDE9000103B05DF818
:1065100004FB08B5FEF780FB48B1002383F3118824
:10652000BFF36F8F0423184602DF6FF0040008BD2D
:10653000004700F044B9FBF727BFF7B51646DDE981
:106540000847019001A81D46FCF774F8019BB6F1BD
:10655000000C18BF4FF0010C00EB83000B1E18BF9E
:106560000123002D43EA4C0314BF4FF00C0C4FF0F5
:10657000000C002C43EA0C0314BF4FF4706C4FF076
:10658000000C002F43EA0C0314BF4FF4403C4FF0C3
:10659000000CD0F8802043EA0C0322EA030301B187
:1065A00009780EB13678760019430DB12D78AD001B
:1065B00031430CB12478240229430FB13F783F04C2
:1065C0000C433C43C0F8804003B0F0BD1FB50DF153
:1065D0000F03019300238DF80F101A4619460093FC
:1065E000FFF7ABFF05B05DF804FB70B50446084645
:1065F0001646FCF72FF8083034F810300D46DA054F
:1066000009D5C3F3432304EBC3023146284654F8AB
:10661000333052689847A3682BB131462846E26868
:10662000BDE87040184770BDF0B504460020012752
:106630000546844695420AD1D4F8443133B100234B
:10664000C4F84431D4F8443140F40030F0BDEBB22A
:106650009B0003F580769B0807FA03F3194208D0E4
:1066600054F806E0BEF1000F03D044F806C0A65966
:1066700018430135DEE770B50679044630460D460D
:10668000FCF77AF8B0B13046FCF764F890B93046C0
:10669000FCF750F8012322688340C2F818332268BF
:1066A00003B202EB8303D3F8102522F00302C3F8F0
:1066B000102570BD2846BDE870400021FFF786BF59
:1066C000FCF756B9FFF7D7BFC9B2FCF723BE91F864
:1066D00020200346032A29D8DFE802F021251902E9
:1066E0008A68500504D5D3F844270869904207D139
:1066F0008A6852051AD4D3F844278969914215D083
:1067000000200622C3F80005C3F800257047D3F81F
:10671000442708699042F3D1D3F80C27EDE7D3F86A
:1067200044270969EAE7D3F80C27FAE70120704704
:1067300030B50124A2F58075AD08AC400C4207D0FD
:10674000815829B10021815082581A6822431A6069
:1067500030BD002313B50C4601934FF4947201AB86
:10676000FFF7E6FF21464FF48272FFF7E1FF214673
:106770004FF48A72FFF7DCFF21464FF4B672FFF741
:10678000D7FF21464FF4A872FFF7D2FF21464FF4FE
:106790009C72FFF7CDFF4FF49A722146FFF7C8FFB6
:1067A000019802B010BD07B5019001A8FDF720F9CE
:1067B0000123019A9340436003B05DF804FB08B1E4
:1067C000FAF704BF7047704740B1C368587810F0BB
:1067D00001001EBF1878B0FA80F040097047EFF34F
:1067E0001183202383F31288BFF36F8FFEE708B570
:1067F000FFF7F5FF10B54369044633B90020E2689E
:10680000537843F00103537010BD98470028F5D02A
:106810000028B8BF4042FF28A8BFFF20E3681870D7
:10682000EDE700F05EBB00F04FBB202408B5EFF3AE
:10683000118384F31288BFF36F8FFFF7D2FCF6E762
:1068400090F90E308B4201D0FDF71EBD002070473D
:106850003AB18A4205D3C0E90212C0E90000002023
:1068600070476FF015007047EFF30580003818BFD0
:1068700001207047D0E9003213605A600023C0E95C
:106880000033704708B5FFF7F5FF437B23F00203A1
:1068900043730023836008BD38B504460D46FDF7F9
:1068A00051FC637B43F002036373E5B1A5602B6881
:1068B0009D4209D16B68C4E900531C606C6012E012
:1068C0006A689A42F6D01B68002BF3D094F90E2028
:1068D00093F90E108A42F3D09142F1DD5A68C4E96F
:1068E000003214605C6038BD10B5EFF311842023D2
:1068F00083F31288BFF36F8FFDF7E2FB84F31188F7
:10690000BFF36F8F10BD38B5EFF31184202383F3ED
:106910001288BFF36F8F002390F86C50427B80F891
:106920006C302DB121B184F31188BFF36F8F38BD66
:1069300012F0280FF7D183680BB1FFF7A3FF437B59
:1069400023F004034373FDF7BBFBECE70121183888
:10695000FFF7D9BF2DE9F04105460E461746EFF384
:106960001188202383F31288BFF36F8F0468A0423D
:106970000FD1002088F31188BFF36F8FBDE8F0813D
:1069800039462046B0470028F4D16B68A342F0D0C6
:106990002468002CF4D1ECE708B50246FDF798FF17
:1069A00070B1D0E904319B1A61EBE272B3F1004F90
:1069B00072F1000104DA002AACBF1846002008BDBD
:1069C0006FF00040FBE7024638B5EFF31185202356
:1069D00083F31288BFF36F8F0368CBB1FDF778FFA5
:1069E00004461046FDF786FF00224FF00043844224
:1069F000C0E9042306D1FDF773FFFFF7CDFF0021A7
:106A0000FBF788FB002085F31188BFF36F8F38BD3B
:106A10006FF01500F7E708B5FEF778F808BD10B578
:106A20000446406A10B1A16A00F029F80020C4E9C8
:106A3000090010BD38B50546FFF7F1FF2B7F04466E
:106A4000012B0ED0023B012B0ED82B6A012B18BF55
:106A50006FF096042C220021284600F042FA2046CE
:106A600038BD2B6A002BF2E76FF09604F2E7FEF7D1
:106A7000DFB970470020704700207047704710B59D
:106A8000044608B1FEF772F92046BDE81040FEF753
:106A900067B90A2840DCC31C22DA10F1400F47D046
:106AA00010F13F0F2BDA10F1410F44D010F1550FC8
:106AB00044D010F1490F08BF6FF0840018BF6FF089
:106AC0008600704709282AD8DFE800F00529290840
:106AD00016293829292F6FF0980070470020704739
:106AE000C31C0D2B1BD8DFE803F0072F1A1C1A1A42
:106AF0001A1A1A1A1D1A1A1D6FF08500704710F124
:106B0000210F1ED00BDB10F1200F1DD010F1100F44
:106B100008BF6FF09400D1E764380928D2D96FF02C
:106B2000860070476FF0940070476FF08C007047DC
:106B30006FF0840070476FF0890070476FF093002A
:106B400070476FF0880070476FF09200704710B583
:106B500001380A44914200D110BD10F8013F11F8EC
:106B6000014B63400370F5E70144814200D1704757
:106B700011F8013D1A440A70120AF6E710B58B426B
:106B800094BFC4184418A04200D110BD00F8012BD6
:106B9000F9E700231A4682B001908B4201D102B07E
:106BA00070470198C2540133F7E707B501A9FEF712
:106BB000E1F9003818BF012003B05DF804FBCA04F6
:106BC00048BF41F480618B0448BF41F4006181609B
:106BD000704730B589B0054618220C4601A800213F
:106BE00000F07FF9012344EA052401A9FA20079463
:106BF0000593FEF787F9002818BF6FF0920009B0DF
:106C000030BDF7B5FA2001A9FEF7B4F9044610B17A
:106C1000002003B0F0BD019D2F0AEDB2AC4205D1BA
:106C2000FA20FEF78DF90028F2D008E0E619304688
:106C3000FEF786F930B13046FFF7B7FF10B96FF0B5
:106C40009200E6E70134E9E738B502250368044617
:106C50009D6000F02CF818B1236803F58053DD61C6
:106C600038BDC0F30B03482B4B6028BF482310F4FA
:106C7000003F8B6008BF0023CB6010F4803308BF57
:106C8000C1E9013300F47003B3F5700F14BF0023A2
:106C90008B6800284FF0010C4FF008028B60B8BFE2
:106CA0000023C1E905C2B8BFC1E9053370470369D4
:106CB000186800F4003070470368D90444BF43F4F7
:106CC0008063036003689A0444BF43F40063036075
:106CD000704737B5054600216846FEF72BFD044690
:106CE00068B9302229466846FEF776FD10F1520F4A
:106CF000044607D0431CF4D0684600F04FF8204605
:106D000003B030BD684600F049F8E4E7BFF35F8F99
:106D10004FF0A343DA69BFF35F8FBFF35F8F10219A
:106D20005963BFF35F8FBFF35F8F00215963BFF3D8
:106D30005F8FBFF35F8FD96BBFF35F8F4906F8D4C6
:106D400022B1BFF35F8FDA61BFF35F8F704708B581
:106D5000FEF718FB30B9BFF35F8F4FF0A343986A7B
:106D6000BFF35F8FBFF35F8F4FF0A342D36BBFF3CF
:106D70005F8F10F0240F03F0230304D0FFF7C6FF4A
:106D80006FF01F0008BD4FF0FF30002BFAD1BFF3AA
:106D90005F8F1063BFF35F8F1846F3E710B503787A
:106DA00004461BB1FEF70EF800232370002010BD2F
:106DB000FDF74CB84FF0FF324FF0FF33FCF7CEBF7A
:106DC0004FF0FF324FF0FF33FCF7C8BFFDF73EB87E
:106DD00000F06AB807B54FF0FF334FF0FF32CDE94E
:106DE0000023002200F06DF803B05DF804FB00F012
:106DF00064B800F05EB82DE9F3470646DDE90A986D
:106E000017460C46E1B102F0010AFDF7F7FB054613
:106E1000EFF31181202383F31288BFF36F8FBB0739
:106E200044BF0023B360B36803EA0402BAF1000F61
:106E30000AD094420AD181F31188BFF36F8F1C40AE
:106E4000204602B0BDE8F087002AF4D159EA0803D1
:106E500005D181F31188BFF36F8F0023EFE7C5E9F8
:106E600019473246CDE9009806F10C00FDF7EAF922
:106E70000028F2D16B6EE2E710B5846E426E4B686B
:106E8000E40703EA02030BD59A420BD1012380F8F1
:106E90006C300B68036608601830FFF794FD01E062
:106EA000002BF3D1002010BD0023C0E90000836057
:106EB00070474FF0FF32FEF7F9BC0A460021FEF79B
:106EC000F5BC5200FFF797BF0A44431E914200D120
:106ED000704710B511F8014B914203F8014FF9D1F9
:106EE00010BD02440346934200D1704703F8011BD2
:106EF000F9E710B50139044632B111F8013F013A02
:106F000000F8013B002BF7D10021FFF7EAFF2046F4
:106F100010BD0246014410B58A42134603D01C78C6
:106F20000132002CF8D1181A10BDF0B5C3F13707A3
:106F3000044603F01F031046FFB2082BE6B232D01E
:106F4000102B3DD06508A40845EAC17544EA817458
:106F50008A082D1942EB5102290941EA02716D1884
:106F600042EB1212290A41EA02616D1842EB122229
:106F7000290C41EA02416D1842EB1242AD1842F170
:106F80000002EC0844EA4274D10804EB8402A6EB48
:106F90004205EDB2092D0CD90134A5F10A0541F1E4
:106FA0000001EDB212E0E40806F0070544EA41747E
:106FB000C908303554EA010200F8015BBDD1F0BDCB
:106FC000240906F00F0544EA01740909092D84BF5C
:106FD000ED19EDB2EDE700000148006870470000D0
:106FE00058040020CC94FF7F010000002915000008
:106FF00000000000000000003470000000000000ED
:1070000074700000000000005470000000000000D8
:10701000947000006D2000000000000005150000C5
:107020000000000000000000B470000013650000C4
:1070300000000000558F0000787A00008879000079
:107040002001002090040020A9160000000000008C
:1070500000000000628F0000947A00004C7900006C
:1070600022010020E4040020D11A000000000000EA
:10707000000000006E8F0000AC7A00004C79000028
:1070800024010020F0040020D11A000000000000BC
:1070900000000000798F0000C47A00004C790000E5
:1070A00026010020FC040020D11A0000000000008E
:1070B00000000000848F0000DC7A0000707900007E
:1070C000280100200805002013640000056400006A
:1070D0000000000000000000C3610000000000008C
:1070E000C361000000000000C36100000000000058
:1070F000C361000000000000C36100000000000048
:10710000C361000000000000C36100000000000037
:10711000C361000000000000C36100000000000027
:10712000C361000000000000C36100000000000017
:10713000C361000000000000C36100000000000007
:10714000C361000000000000C361000000000000F7
:10715000C361000000000000C361000000000000E7
:10716000C361000000000000C361000000000000D7
:10717000C361000000000000C361000000000000C7
:10718000C361000000000000C361000000000000B7
:10719000C361000000000000C361000000000000A7
:1071A000C361000000000000C36100000000000097
:1071B000C361000000000000C36100000000000087
:1071C000C361000000000000C36100000000000077
:1071D000C361000000000000C36100000000000067
:1071E000C361000000000000C36100000000000057
:1071F000C361000000000000C36100000000000047
:10720000C361000000000000C36100000000000036
:10721000C361000000000000C36100000000000026
:10722000C361000000000000C36100000000000016
:10723000C361000000000000C36100000000000006
:10724000C361000000000000C361000000000000F6
:10725000C361000000000000C361000000000000E6
:10726000C361000000000000C361000000000000D6
:10727000C361000000000000C361000000000000C6
:10728000C361000000000000C361000000000000B6
:10729000C361000000000000C361000000000000A6
:1072A000C361000000000000C36100000000000096
:1072B000C361000000000000C36100000000000086
:1072C000C361000000000000C36100000000000076
:1072D000C361000000000000C36100000000000066
:1072E000C361000000000000C36100000000000056
:1072F000C361000000000000C36100000000000046
:10730000C361000000000000C36100000000000035
:10731000C361000000000000F55200000000000002
:10732000C361000000000000C36100000000000015
:10733000C361000000000000C36100000000000005
:10734000C361000000000000C361000000000000F5
:10735000C361000000000000C361000000000000E5
:10736000C361000000000000C361000000000000D5
:10737000C361000000000000C361000000000000C5
:10738000C361000000000000C361000000000000B5
:10739000C361000000000000C361000000000000A5
:1073A000C361000000000000C36100000000000095
:1073B000C361000000000000C36100000000000085
:1073C000C361000000000000C36100000000000075
:1073D000C361000000000000C36100000000000065
:1073E000C361000000000000C36100000000000055
:1073F000C361000000000000C36100000000000045
:10740000C361000000000000C36100000000000034
:10741000C361000000000000C36100000000000024
:10742000C361000000000000C36100000000000014
:10743000C361000000000000C36100000000000004
:10744000C361000000000000C361000000000000F4
:10745000C361000000000000C361000000000000E4
:10746000C361000000000000C361000000000000D4
:10747000C361000000000000C361000000000000C4
:10748000C361000000000000C361000000000000B4
:10749000C361000000000000C361000000000000A4
:1074A000C361000000000000C36100000000000094
:1074B000C361000000000000C36100000000000084
:1074C000C361000000000000C36100000000000074
:1074D000C361000000000000C36100000000000064
:1074E000C361000000000000C36100000000000054
:1074F000C361000000000000C36100000000000044
:10750000C361000000000000C36100000000000033
:10751000C361000000000000C36100000000000023
:10752000C361000000000000C36100000000000013
:10753000C361000000000000C36100000000000003
:10754000C361000000000000C361000000000000F3
:10755000C361000000000000C361000000000000E3
:10756000C361000000000000C361000000000000D3
:10757000C361000000000000C361000000000000C3
:10758000C361000000000000C361000000000000B3
:10759000C361000000000000C361000000000000A3
:1075A000C361000000000000C36100000000000093
:1075B000C361000000000000C36100000000000083
:1075C000C361000000000000C36100000000000073
:1075D000C361000000000000C36100000000000063
:1075E000C361000000000000C36100000000000053
:1075F000C361000000000000C36100000000000043
:10760000C361000000000000C36100000000000032
:10761000C361000000000000C36100000000000022
:10762000C361000000000000C36100000000000012
:10763000C361000000000000C36100000000000002
:10764000C361000000000000C361000000000000F2
:10765000C361000000000000C361000000000000E2
:10766000C361000000000000C361000000000000D2
:10767000C361000000000000C361000000000000C2
:10768000C361000000000000C361000000000000B2
:10769000C361000000000000C361000000000000A2
:1076A000C361000000000000C36100000000000092
:1076B000C361000000000000C36100000000000082
:1076C000C361000000000000C36100000000000072
:1076D000C361000000000000C36100000000000062
:1076E000C361000000000000C36100000000000052
:1076F000C361000000000000C36100000000000042
:10770000C361000071380000316500000000000016
:10771000C361000000000000C36100000000000021
:10772000C361000000000000C36100000000000011
:10773000C361000000000000C36100000000000001
:10774000C361000000000000C361000000000000F1
:10775000C361000000000000C361000000000000E1
:10776000C361000000000000C361000000000000D1
:10777000C361000000000000C361000000000000C1
:10778000C361000000000000C361000000000000B1
:10779000C361000000000000C361000000000000A1
:1077A000C361000000000000C3610000E12E000082
:1077B0003165000000000000C3610000000000000F
:1077C000C361000000000000C36100000000000071
:1077D000C361000000000000C36100000000000061
:1077E000C361000000000000C36100000000000051
:1077F000C361000065320000316500000000000038
:10780000C361000000000000C36100000000000030
:10781000C361000000000000C36100000000000020
:10782000C361000000000000C36100000000000010
:10783000C361000000000000C36100000000000000
:10784000C361000000000000C361000000000000F0
:10785000C361000000000000C361000000000000E0
:10786000C361000000000000C361000000000000D0
:10787000C361000000000000C361000000000000C0
:10788000C361000000000000C361000000000000B0
:10789000C361000000000000C361000000000000A0
:1078A000C361000000000000C36100000000000090
:1078B000C361000000000000C36100000000000080
:1078C000C361000000000000C36100000000000070
:1078D000C361000000000000C36100000000000060
:1078E000C361000000000000C36100000000000050
:1078F000C361000000000000C3610000AD2500006E
:107900003165000000000000C361000000000000BD
:10791000C361000000000000C3610000000000001F
:10792000C361000000000000C3610000000000000F
:10793000C361000000000000C3610000F12E0000E0
:107940003165000000000000C3610000F118000074
:107950006B630000776300008B6300009563000099
:107960009F630000251B0000B363000000000000BF
:107970006364000000000000791C000000000000AB
:1079800000000000C51D000005170000C3620000D4
:1079900025630000000000005F620000000000009E
:1079A00000000000040000000F00000001000000C3
:1079B00008000000200000007000000080000000AF
:1079C0000D0000000C0000000E0000005000000040
:1079D00084000000B8000000FFFFFFFFFFFFFFFF73
:0879E000FFFFFFFFFFFFFFFFA7
:1079F00000A0105000820D5000040550050000004A
:107A00000400000001000000000000000000000071
:107A10000338FDD87047000000000000000000009F
:107A20000338FDD8704700005470000001000000CA
:107A30005470000000000000400000200000000022
:107A400006000100020000004C7A00000000000067
:107A5000468F000006000000E0CF0F00000000206D
:107A60004E8F000021000000E0FF022031160000D0
:107A700001160000000000008517000075160000C8
:107A8000456300004B63000000A0105000820D50C1
:107A9000000405501F00000000A01050000000006E
:107AA0000000000000C0105001000000FFFF0000B7
:107AB00000820D50000000000100000000A00D50E9
:107AC00000000000FF070000000405500000000057
:107AD00002000000000000000000000000600C50E8
:107AE00000000000000000000000000000009801FD
:107AF00000000101411C00001000000009640000AA
:107B00000C7B0000810C0020FFFF000000600C5087
:107B1000187B000001000000207B00000200000034
:107B20002C06000C2B06000B00A0105000820D50FC
:107B30000004055000A0105000820D5000040550B4
:107B40000800000002000000040000000100000026
:107B500000A0105000820D500004055000A01050ED
:107B600000820D5000040550EC6F0000EC6F000027
:107B7000147000001C7000003470000034700000AD
:107B800000388A408F409440A140A640AC40154840
:107B9000CB40AE40A3400038003800380038CE401B
:107BA000ED409D4149415641324137413C414141BF
:107BB000B941BE41D7410E42FA418D411B4280413D
:107BC00062426A42774274436E4366437F432E4863
:107BD00024460038003800380038AF48D548F3480C
:107BE00063457D4585439D45A845BB45E345ED453A
:107BF000CF45FC4515468C466E4695468E46003868
:107C00000038003828420038003800380038003882
:107C100000380038003800380038003800380038A4
:107C20001949194919491949194919491949194944
:107C30001949194900380038003800380038003830
:107C40000038003800380038003800380038003874
:107C50000038003800380038003800380038003864
:107C60000038003800380038003800380038003854
:107C70000038003800380038003800380038003844
:107C80008C090038FFFFFF00000000001027008172
:107C9000878A001A7B627AA678797A8D00307B62B7
:107CA0007AA778797A8D003078207B6279217A22E0
:107CB0000C10865082A2808182A28287828D001A57
:107CC0000030722095407AAC797B003078247B625A
:107CD0007AA884797A8D00307224A7407B24792594
:107CE0007A26856286A87284868D11A685841162A3
:107CF00086A7858684208621862286509A5086A66D
:107D0000867286A88685868D8462868D781086A682
:107D10007270001A00307ABB78790030008300302E
:107D2000001C001C001C001C001B7C22001D1310EA
:107D3000D040001A001C001C001C001B7C22001DEF
:107D4000001B7C22001D1310DA40001A000C016A8F
:107D50003427001A006E1027001A7B6278247925D8
:107D60007A260C1086500E1022590E101A59848F44
:107D7000C50811B885850410295911A284871AA253
:107D800011111120071890A2801A9020001919A231
:107D900072871AA61970001B7C201AA21A80131071
:107DA0000B410E101D590410335986A21A72868D8C
:107DB000001A0030870811B8858211A284871AA2A0
:107DC00011111120031890A2801A9020001915A2F9
:107DD00081871AA215151520031890A2801A9020E9
:107DE000001907418650052408250426F5408650D1
:107DF000042406250526F54086500C2406250B266E
:107E0000F54086500B2408251A26F55000AB0C1AB5
:107E100000300DA702720AAC060D0EA703720BAC60
:107E2000060E02620CA872030C8D00307DBB0203AB
:107E3000048F05A6707003628650042072210E2202
:107E40009A500070108A0E240B250E26F3500272F1
:107E50008650042072210D229A5002721027108A37
:107E60000D240A250D26F35005A70D0E05200C2123
:107E700005229A50007005BB030505A60E050030CB
:107E800002628650042072210D229A500070108ADE
:107E90000D240A250D26F35000300DA70D0E05A662
:107EA0007070027286500C200D2105229A500070CD
:107EB00005BB030505A60E05003002620DA7027280
:107EC00003620EA7037201BB0D0E00BB02030D205F
:107ED0000E21802282AC8081812082213910A9412B
:107EE000006201A80180018D012408250626B150F9
:107EF00000300324062508268650F3400324052578
:107F00000A268650F350026286500A2072210A2205
:107F10009A503810003906200A210B229A500BA6DD
:107F20000B0C0BA80B050B8D3810003900300262CA
:107F30000A8E0A8F0B8E0B8F072787500EA8720BA5
:107F40000C200E210D229A500A200E210E229A504A
:107F50000062865003240D251A2608210E221A518C
:107F60000262008107271A2072211A229A5000AB60
:107F70000A1A003086500DBB08060DA6040D032416
:107F800006250E26F3500E2007210E229A500EA72A
:107F9000050E0E8D0E240D250B26F34086500A2467
:107FA00008250D26F35002200D210E229A500E2492
:107FB0000C250B26F340865007200A210D229A50EB
:107FC00003240C250E26F35005A60D0E058D00305A
:107FD000865001A700720AB9010006240A2504266A
:107FE000F55077A7047238100030011877A7040104
:107FF000381000300420042104229A5077A704721C
:108000003810003C001977A704013910003C0030FB
:10801000A0A27210685380A2811090A29110021049
:10802000965308105B541410FB5439108134001A15
:10803000000C865033A2041002102D440810D744BF
:1080400014105B4558522620782148522621001CE6
:108050007A20CC4258522620782148521D2079217E
:108060004A52262026211D22001E7A20CC42585238
:10807000782479257D527A20CC42112084214852DF
:10808000112010107A590E103649012185260068FA
:1080900086AC86012EA67070C1522E2236102C227C
:1080A00035A78682006CC80811B83581EA502620B1
:1080B0001121001C2620021012541121262207181B
:1080C000B120021015540810C754141051558021C6
:1080D0000019E35226202621D0501122BC520068FC
:1080E000C152006C2320361026201B220318001ECC
:1080F000802100192621001A001B0B102320001FCD
:10810000001A2CBA73742CBA2C2C2CA72C742DA703
:10811000018677A72D2C001AA122DC5202108D5364
:10812000081054541410F65480A2807290A29072D9
:10813000808D908D001A003082A2821082A28272FD
:1081400082A81082001A2C2013211622071880A260
:10815000818280219020B22200193222DC5229A291
:10816000322828A2323131A2292525A2293030A275
:10817000312222A2312F2FA2301F1FA2302E2EA279
:108180002F1C1CA22F2D2DA22E1919A22E2C2CA291
:108190002D1616A22D132FA6117030A6127031A61F
:1081A000137013A62C7011201121081802108D5382
:1081B000081054541410F654A020B121001926A61A
:1081C0002F7027A6307028A63170001A1120842144
:1081D00048521D20822148528A0811B885831420F4
:1081E00011211122001C05188024B1208421001EB9
:1081F000001920201D211D22001C05188024B120FB
:108200008421001E0019E352262026211922001E77
:10821000DA501122BC5219222620BC5277A22872B1
:10822000F810821077A7850177108620CC4285A6AA
:10823000850183A6830183A6830113A272101DA664
:1082400019701EA61A701FA613702C43585278215D
:108250000810E044818F918F001A003077A7010049
:108260003810013A001A00305852042168530210A5
:1082700039540810F0543810053A001A003058529A
:10828000262078214A52001A003058521510755392
:108290006E53262002214A5200302DA2A1A12EA207
:1082A000A12D80A2812D90A2912E001A2FA205103F
:1082B0002EA280802CA280332EA22E802DA2909000
:1082C0002EA62E2C2EA62F2E2CA72D2E2CA22C72B5
:1082D0002C8D001A30A691912CA681812DA230916F
:1082E0001A10E24331A2A1A11810C5432EA2818128
:1082F00031A231312CA22C2D31A231332FBA2E7460
:108300002EA62F3131A62C2CD1432EA681312FA79A
:1083100081312CA22C2D2EA22E2F31A62C2C2EBA40
:108320002E742DA22D2D2FA22E2E2DA62D2D80A701
:108330002F3131A72C80A0A230A12FA22E3190A7DF
:108340002F2D001A2EA281812CA22C2DCD4331A6D7
:108350007092ED4331A77092ED4330A2A1A12FA2FC
:1083600031A131A230822FA22F3031A731812FA726
:108370002F9130A23131A0A231A12CA2813030A2A4
:1083800031302EA62C2C31A22F2F2EA6302E80A7D6
:10839000312E2CA72C802EA2913031A22F2C90A709
:1083A000312E001AB0A2A0A0001A2EA670921B4473
:1083B0002EA770921B442DA2A2B231A2A1A12CA281
:1083C00081B22FA2A13131A282312DA2912D2FA2F3
:1083D0002E2F2EA2A1A22C21F543AAC3E7D3EAE3B4
:1083E0002CA6047477A72C00381477A60470781490
:1083F000001A2DA205102EA633332FA62D2D2EA246
:108400002E2E2FA62F2D2EA22E332FA22F2F30A6A9
:108410002F2F2EA62E2F2FA62E3077A22F72001AC6
:1084200090A77090908D001A2DA2A1A180A281A189
:1084300090A2912D001A2FA205102EA280802CA2AE
:1084400080332EA22E802CA22C802DA2909030A2C0
:1084500080902EA62E2C2DA62D302EA62F2E2CA7AA
:108460002D2E001A2CA281A12DA281812EA62D9144
:108470002DA22D2DA0A22C2C2CA22C2E2EA22E2EE5
:10848000181085442FA2A03387442FBAA0042EA62B
:108490002E2C80A62E2F2CA6A02C2DA22DA02CA2F7
:1084A0002C8090A62C2D001A702398448223984487
:1084B00031A683922FA282A130A2A1A130A2313095
:1084C00031A2818132A22F2F29A6313231A63191DA
:1084D000A0A229A131A22F312EA6812F32A630329F
:1084E0002FA6913032A281322FA22F2E2CA2812FC3
:1084F0002DA2299180A632312CA62C2D32A62FA098
:1085000031A22C2929A2328090A63129001A30A24A
:10851000A1A12DA2A2A22CA281A22FA282A12DA252
:10852000912D30A292302EA2A1A22C21A04472C47F
:1085300094D496E4006877A772043714006C001A8C
:108540002DA272872CA22D8177A7812C391081361C
:108550002CA22D9177A7912C39109136001A00305A
:1085600077A60570001A90A68090001A80A281A1BB
:1085700090A291A1001A31A272102CA280802DA28B
:1085800090902EA62C2D2FA22C2D2FA2332F2FA66C
:108590002F312EA72E2F2E8D001A2CA6819130A2BE
:1085A00081812DA291912EA2A1A12CA22C2C2EA6CC
:1085B0002E2E2FA6302D2DA7302D2CA72C2F2EA7F9
:1085C0002F2E90A22D2F80A22C2EA0A22E2F001A8B
:1085D0002EA670822E452EA770822E452FA2A19224
:1085E0002EA2A12E30A2819131A22E2F32A6912E41
:1085F0002EA7812E2CA6812F2FA6912F32A22C32AE
:108600002CA22E2F2EA630312FA7303130A72C2FA1
:1086100031A7322E80A22E3090A22F31A0A230316D
:10862000001A2CA2A2812DA2A2912FA2A1922EA269
:10863000A1822C2132450DC528D52BE5001A80A733
:108640007080808D001A5852022407257D52262002
:10865000CC52E6508750262072210A229A503810B8
:10866000003906200A210B229A500BA60C0B0BA8EE
:108670000B070B8D381000390030E65087500A8EFA
:108680000A8F0B8E0B8F0DA8720B0C200D2135223B
:108690009A500A202B229A50EA50585208222B2333
:1086A0000224352526262653E650008126207221F5
:1086B0002C229A5000AB0A2C0030E6502BA87206F0
:1086C0002B8DEA50585202242B257D520820CC4293
:1086D000000C006435A60A0CE65087503520722144
:1086E00035229A500BA7073506200B210B229A50F2
:1086F000381000390030000C006435A60A0CE65032
:1087000087500B8F3520722135229A50EA505852EB
:1087100008220B23022435250D26265300305852FB
:1087200026200B2148521D2006214A5226202621B0
:108730001D22001E1D2008214A52262026211D220E
:10874000001E0D20CC42E65087500B200C210A223F
:108750009A5082A70882828D0030585208220C233A
:1087600078240A252626265300682620062100ABF9
:10877000818000AB91900030585206200210505476
:108780000810F35414105F5506240B257D521D204C
:1087900008214A52262026211D22001E1120CC52DB
:1087A00011240A257D520D20CC42E65087500A2024
:1087B0000D212B229A50EA50CF550BA62B700D2479
:1087C0000B257D520820CC428650000800B87979EC
:1087D00017A70173179E179E0BA2781017A21710E8
:1087E0000C200E2280A60B7090A2721082A69070B0
:1087F00092A6707068460E227AA882927A8D003016
:108800000E210C2211A6819112A7819113A21111A0
:1088100014A2121215A6829216A7829215A2151200
:1088200016A2111611A7131481A2131412A2171164
:1088300014A6151615A7151682A2141416A215153E
:1088400013A6131292A2160B91A2111312103B46FB
:10885000001B0A1040460C210E22424606217A5681
:1088600008217C5636A2060B36A236870AA60836A1
:108870000A8D0030E650875091A2918736A2768704
:1088800036A2913681A2818781A6368181A281722A
:10889000818D91A67070001A02248F46062408214B
:1088A0007A56EA501410C447F34606217A560A8FC6
:1088B000EA501410C9471C4735A2811034A2911008
:1088C00031A2353536A2343433A2041035A2313604
:1088D00034A2721033A2333531A7363136A6343381
:1088E00031A73136318D39108134001A31A29110FF
:1088F00036A2041031A2313133A2721036A23631C1
:1089000031A7313336A6363333A2363633A2333667
:1089100034A2333335A2343635A2353134A2313363
:1089200035A23572358D33A7007333A73374339E68
:10893000339E339E352433253526F55035A2351028
:1089400034A2343533A2343433A2333633A6333130
:10895000338D72203810052081A23480818D7D10E6
:1089600081A70081001A000C8650D00811B80801B8
:1089700032A2041032A6323284210C20A5570C21D9
:108980002D2088571120AE57071880222D21C02096
:108990005D578021AE5700190C210C2088C75DD788
:1089A00068E7D050112217570A20B9570030001B32
:1089B0000C200B102D206847000C86500821B6565D
:1089C0009C5632A2041032A63232920811B80A061E
:1089D00002210C20A5570C212D2088571120AE57BD
:1089E000031880222D21C0205D578021AE57001929
:1089F00008212120A55721212D2088572120AE575D
:108A0000031880222D21C0205D578021AE57001908
:108A10000C2121220C205D5788C75DD768E7DA500A
:108A200011221757212217570C20B95777A68070AB
:108A30003E10003900AB0B90003031A6918136A773
:108A4000918131A2318236A2369233A670B2734739
:108A500031A6918136A7918131A2319236A2368218
:108A600033A770B2734734A2A1A233A2B13335A6A3
:108A7000313631A7313636A7343333A6343380A2AA
:108A8000313690A23533A0A23633B0A23531001A68
:108A900031A6918136A7918134A2313133A231368A
:108AA00031A2A1B136A2A1A131A6313136A6363606
:108AB00036A7363334A7343180A23136A0A23633FC
:108AC00090A23334B0A23134001A80A2811090A257
:108AD0009110A0A27210B0A28090001A31A69181CC
:108AE00090A7918180A63170A0A6A1A1B0A2B132B9
:108AF000001A35A2721035A835A180A2813590A246
:108B00009135808D908D001A082558527D520A208B
:108B1000CC4258520821DB5708205F550822062313
:108B200002240A252626265377A626703E100B39E6
:108B300000AB0B270030918F2CA291872DA272875A
:108B40002CA22C2C2EA72C2D2CA22C332CA72C2D78
:108B50002DA22E2E2FA22E2C2DA22D2F2FA22F2F65
:108B60002FA22D2F2FA22F722F8D30A70074309E91
:108B7000309E2F2430252F26F5502FA22F872DA28F
:108B80002F2D2FA22D2D2FA22F2C2FA72F2E2F8D43
:108B90003910913481A22D72818D7C1081A70081C2
:108BA00077A7810037109134001A000C7B62865041
:108BB00078231BA67D721B9E341043481B9E832482
:108BC0001B257A26F5507A207A211B229A501BA762
:108BD0001B831B8D3910003D001A0030585278203D
:108BE00078211C229A501CA61C041C209A501CA6FA
:108BF0001C051C8D1C23195877A67A703D10003077
:108C00007AA7007A00301DA77D721EA61D701E9ED9
:108C100083241E257A26F550381000301EA77A725C
:108C20003910003D1FA283101DB91D0020A67570CC
:108C300021A2721022A6212122239E5824A6287048
:108C400025A67570A85823A72821238D39106B48B5
:108C500022A622215C481DA71D721D9E1F239E581F
:108C600026A21F2827A2262828A72721288D3810CA
:108C700099482AA6727029A2272728A72921288D7A
:108C80003810874829A229292AA62A727D481EA7BA
:108C9000202A28A6247025A61E70A8582BA6287066
:108CA00024A22B2B20A62A7026A22B2627A227241B
:108CB00074487AA226727A8D001A003023A2837239
:108CC000238D23241D252326F55028A22310001AC6
:108CD00025A725723810001A28A22828A8480610AF
:108CE00000385852022407257D522620CC520068B5
:108CF0000AA60C800AAC0A01381000392AA67206AE
:108D0000E6502BA8722A2AAC2B0187500A20062194
:108D10002B229A502BA7072B2BAC2B012A202B217F
:108D20000B229A5038100039003006100038E650F7
:108D300087500A8E0A8F0B8E0B8F2AA60A0B2AAC3D
:108D40002A0138100039EA50585208222A230224F6
:108D50000B2523262653E6502AA60C232AAC2A01EB
:108D600000AB0A2A0030061000385852E6508750EF
:108D70002AAC0D0F2AA62A0F2A2007212A229A5050
:108D80002AA6062A2AAC2A012BAC0A0F2BA62B0FE7
:108D90002B202A212B229A502BBB2B0C2ABB2A0CCE
:108DA000EA50585208222A230A242B250D2626533E
:108DB0000030003885A9010F001A11BA010F85A7EC
:108DC0008511001A007001A67070007001A77D72F5
:108DD000001A007009A67070007009BB7D0F7D211C
:108DE00009620081001A81620081001A0F210F269A
:108DF0000068868EC15236108636006C02105059BB
:108E00000310875211A6267012A6277013A6287089
:108E1000E65036A8850F368D01213626EA50874266
:108E2000900811B8868615D418E4112012541D201C
:108E30001121001C125411211D220318C120001EF3
:108E400012548021001926A6117027A6127028A698
:108E5000137026202621001C001C001C001B7C22F5
:108E6000001D262113106B491122BC522621E7D385
:108E7000EAE3001A00680F8E006C2CA20F108759CD
:108E800002108759A0A2A02C15108959001A80A29F
:108E9000802C90A2902C001AFA1ED65F00010000D0
:108EA0000002000000140000002800000040000044
:108EB0000100000002000000493243206275732067
:108EC0006E6F742072656164790A00535441545581
:108ED000532072656164206661696C65643A20257F
:108EE000640A002A2A2A20426F6F74696E67206E16
:108EF000524620436F6E6E6563742053444B207658
:108F0000332E312E312D6532613937666532353772
:108F10003861202A2A2A0A002A2A2A205573696ED3
:108F200067205A6570687972204F532076342E314D
:108F30002E39392D66663866306335373965656296
:108F4000202A2A2A0A00464C4153485F30005352D7
:108F5000414D5F3000636C6F636B40313065303082
:108F600030006770696F40313061303030006770B9
:108F7000696F406438323030006770696F40353057
:108F800034303000693263406336303030000001E5
:108F90000405020608090F000718232323232323AF
:108FA0002323232323232300010269646C65006DBE
:108FB00061696E00286E756C6C29002A666C6F61A1
:108FC000742A00000000000067000000000000009C
:108FD0000000000000000000000000000000000091
:108FE0000000000000000000000000000000000081
:108FF0000000000000000000000000000000000071
:109000000000000000000000000000000000000060
:109010000000000000000000000000000000000050
:109020000000000000000000000000000000000040
:109030000000000000000000000000000000000030
:109040000000000000000000000000000000000020
:1090500000000000D35F00002D2000000000000091
:10906000FF0000000090D003FF0000000F00000090
:1090700071020000F0000020F00000207D6A000076
:10908000E36E0000677420002C01002040010020E6
:109090009C0100209001002054010020B16D0000CF
:1090A000B56D00000000000000000000000000009E
:1090B0002C0100202C010020000000000000000016
:1090C0000E000000400100204001002000000000D0
:1090D000000000000E000000540100205401002098
:1090E00000000000000000000E00000068010020E9
:1090F0006801002000000000000000000E000000D9
:109100007C0100207C010020000000000000000025
:109110000E000000900100209001002000000000DF
:109120009C0100209C0100200000000015E015E0DB
:00000001FF
