:10000000D8190020ED0D0000B5610000D90D0000E9
:10001000D90D0000D90D0000D90D0000D90D000048
:10002000000000000000000000000000590F000068
:10003000D90D000000000000F10E0000D90D0000F5
:10004000F5100000F5100000F5100000F51000009C
:10005000F5100000F5100000F5100000F51000008C
:10006000F5100000F5100000F5100000F51000007C
:10007000F5100000F5100000F5100000F51000006C
:10008000F5100000F5100000F5100000F51000005C
:10009000F5100000F5100000F5100000F51000004C
:1000A000F5100000F5100000F5100000F51000003C
:1000B000F5100000F5100000F5100000F51000002C
:1000C000F5100000F5100000F5100000F51000001C
:1000D000F5100000F5100000F5100000F51000000C
:1000E000F5100000F5100000F5100000F5100000FC
:1000F000F5100000F5100000F5100000F5100000EC
:10010000F5100000F5100000F5100000F5100000DB
:10011000F5100000F5100000F5100000F5100000CB
:10012000F5100000F5100000F5100000F5100000BB
:10013000F5100000F5100000F5100000F5100000AB
:10014000F5100000F5100000F5100000F51000009B
:10015000F5100000F5100000F5100000F51000008B
:10016000F5100000F5100000F5100000F51000007B
:10017000F5100000F5100000F5100000F51000006B
:10018000F5100000F5100000F5100000F51000005B
:10019000F5100000F5100000F5100000F51000004B
:1001A000F5100000F5100000F5100000F51000003B
:1001B000F5100000F5100000F5100000F51000002B
:1001C000F5100000F5100000F5100000F51000001B
:1001D000F5100000F5100000F5100000F51000000B
:1001E000F5100000F5100000F5100000F5100000FB
:1001F000F5100000F5100000F5100000F5100000EB
:10020000F5100000F5100000F5100000F5100000DA
:10021000F5100000F5100000F5100000F5100000CA
:10022000F5100000F5100000F5100000F5100000BA
:10023000F5100000F5100000F5100000F5100000AA
:10024000F5100000F5100000F5100000F51000009A
:10025000F5100000F5100000F5100000F51000008A
:10026000F5100000F5100000F5100000F51000007A
:10027000F5100000F5100000F5100000F51000006A
:10028000F5100000F5100000F5100000F51000005A
:10029000F5100000F5100000F5100000F51000004A
:1002A000F5100000F5100000F5100000F51000003A
:1002B000F5100000F5100000F5100000F51000002A
:1002C000F5100000F5100000F5100000F51000001A
:1002D000F5100000F5100000F5100000F51000000A
:1002E000F5100000F5100000F5100000F5100000FA
:1002F000F5100000F5100000F5100000F5100000EA
:10030000F5100000F5100000F5100000F5100000D9
:10031000F5100000F5100000F5100000F5100000C9
:10032000F5100000F5100000F5100000F5100000B9
:10033000F5100000F5100000F5100000F5100000A9
:10034000F5100000F5100000F5100000F510000099
:10035000F5100000F5100000F5100000F510000089
:10036000F5100000F5100000F5100000F510000079
:10037000F5100000F5100000F5100000F510000069
:10038000F5100000F5100000F5100000F510000059
:10039000F5100000F5100000F5100000F510000049
:1003A000F5100000F5100000F5100000F510000039
:1003B000F5100000F5100000F5100000F510000029
:1003C000F5100000F5100000F5100000F510000019
:1003D000F5100000F5100000F5100000F510000009
:1003E000F5100000F5100000F5100000F5100000F9
:1003F000F5100000F5100000F5100000F5100000E9
:10040000F5100000F5100000F5100000F5100000D8
:10041000F5100000F5100000F5100000F5100000C8
:10042000F5100000F5100000F5100000F5100000B8
:10043000F5100000F5100000F5100000F5100000A8
:10044000F5100000F5100000F5100000F510000098
:10045000F5100000F5100000F5100000F510000088
:10046000F5100000F5100000F5100000F510000078
:0C047000F5100000F5100000F510000071
:10047C0053B94AB9002908BF00281CBF4FF0FF31FF
:10048C004FF0FF3000F00CB8ADF1080C6DE904CE64
:10049C0000F008F8DDF804E0DDE9022304B0704751
:1004AC00704700BF2DE9F04786468C460846089EEB
:1004BC00154674461946002B40F0C1808542B2FAAD
:1004CC0082F245D94AB1C2F1200300FA02FC9540F0
:1004DC0094402EFA03F343EA0C0C4FEA154EA8B2E3
:1004EC00230CBCFBFEF80EFB18CC08FB00F943EA0E
:1004FC000C43994528D9EB1808F1FF3704D29945DC
:10050C0002D9A8F102072B44A3EB0903A4B2B3FB55
:10051C00FEFC0EFB1C330CFB00F044EA0344A0422F
:10052C0014D92C190CF1FF3304D2A04202D9ACF12E
:10053C0002032C44241A43EA07401EB1D440002382
:10054C0034607360BDE8F0874746DDE76346F1E74A
:10055C0092BB431B01214FEA154EAFB2200CB3FBEB
:10056C00FEFC0EFB1C330CFB07F840EA03439845DA
:10057C0061D9EB180CF1FF3004D2984502D9ACF1DB
:10058C0002002B44A3EB0803A4B2B3FBFEFC0EFB4E
:10059C001C330CFB07F744EA0344A7424DD92C1932
:1005AC000CF1FF3304D2A74202D9ACF102032C4464
:1005BC00E41B43EA0040C0E7C2F12003954094409D
:1005CC0020FA03F12EFA03F34FEA154E9040AFB226
:1005DC000343B1FBFEFC0EFB1C10190C0CFB07F8C3
:1005EC0041EA0041884522D969180CF1FF3004D248
:1005FC00884502D9ACF102002944A1EB08019BB259
:10060C00B1FBFEFC0EFB1C110CFB07F743EA01438C
:10061C009F420ED9EB180CF1FF3104D29F4202D944
:10062C00ACF102012B44DB1B41EA004193E760462D
:10063C00E3E76146F7E76046A4E76346B8E7834221
:10064C0006D916B9002108467CE7C6E900E0F9E7AF
:10065C00B3FA83F78FB9834201D3724508D8BEEB46
:10066C00020460EB030301209C461EB9002169E7DC
:10067C003846FAE7C6E9004CF8E7C7F1200CBB4056
:10068C000EFA07F522FA0CF42EFA0CF1BA401C43C0
:10069C0020FA0CF3B8404FEA144901431FFA84FEC8
:1006AC00B3FBF9F809FB18300B0C08FB0EFA43EA04
:1006BC0000439A4540D9E31808F1FF3004D29A451B
:1006CC0002D9A8F102002344A3EB0A0389B2B3FBBD
:1006DC00F9F809FB183308FB0EFE41EA03418E457D
:1006EC002CD9611808F1FF3304D28E4502D9A8F138
:1006FC000203214443EA0040A1EB0E01A0FB029847
:10070C004145CE46434602D306D14D4504D201386D
:10071C00B9EB020E68EB0403002EA7D0B5EB0E026A
:10072C0061EB030101FA0CFC22FA07F3F9404CEAE5
:10073C000303C6E9003199E74046C5E74346D9E7CC
:10074C0030B5054689B0144C204606F037F830B960
:10075C00124805F03AFC6FF0120009B030BD0DF1F3
:10076C000703029301230022CDE9055303930723CA
:10077C008DF807208DF810208DF81C309DF81C305A
:10078C00A26843F002038DF81C30956848230222BE
:10079C00204602A9A847E0E7B4700000B88E00001C
:1007AC0073B51D4805F019FB1C4805F016FB00211C
:1007BC00194805F0FEFA0021184805F0FAFA164E11
:1007CC00174D0DF10700FFF7BBFF0121044668B977
:1007DC00304605F0EEFA284605F0EBFF2146304690
:1007EC0005F0E7FA284605F0E4FFEAE70B4805F0C8
:1007FC00E0FA0C4805F0DDFF0021084805F0D9FAB5
:10080C00084805F0D6FF2146074805F0DEFB6FF0DF
:10081C00120002B070BD00BF307A0000287A0000D0
:10082C00A086010040420F00CB8E0000014B1B68DC
:10083C00184700BFD000002030B585B004460D46E7
:10084C0010220021684606F046FB02238DF8023088
:10085C00044B2A4621466846019305F04FF805B033
:10086C0030BD00BF3908000080B505460E4617465E
:10087C00984603F0BDFE034606F0A8FB0446DFF8DD
:10088C001890424649F8003039463046A84754F88B
:10089C00090000F011FB00BF080000002DE9F04733
:1008AC00058B04462807904611D4022905F007054C
:1008BC0040F0CC80204605F095FB78B10138218BB7
:1008CC00042811D8DFE800F0C2106D8595000129CD
:1008DC000CBF45F0100545F02005258388F31188E1
:1008EC00BFF36F8FBDE8F08701F0070AAA4500F04F
:1008FC00A5800027B9463E46A368002B00F0BC80BB
:10090C0041F00801218388F31188BFF36F8FA16830
:10091C00002900F0BA800D68002900F0B68033463B
:10092C0052462046D1F80480C047002D76D02B6863
:10093C0029461D46F0E701F007035A1F012A1BD870
:10094C00002221F00701062B276889B2C4E9002296
:10095C0009D13B4603E0628B013262831B68002B9A
:10096C00F9D141F002012046218305F03BFB002820
:10097C007AD041F0200176E0042B0AD121F0070156
:10098C0089B22046218305F02DFB10B141F02001E6
:10099C002183218B01F0070AAA454FD00027B946C5
:1009AC00AAE7236921F0070141F00601062DD3F8CF
:1009BC00009021832DD1B9F1000F3FD041F00801F7
:1009CC00218388F31188BFF36F8F20463949C847BC
:1009DC0029E021F00701236941F0040189B2042DBB
:1009EC00D3F804902183E6D000274FF0040A3E464A
:1009FC0082E721F00701236941F0050189B2052D39
:100A0C00D3F808902183D6D000274FF0050A3E4634
:100A1C0072E700274FF0060A3E466DE72B4687E744
:100A2C00B9F1000FD1D1EFF31188202383F3128891
:100A3C00BFF36F8F238B23F008032383258BEA06E8
:100A4C002ED525F01003238305F007056669218B4D
:100A5C00002EBFF670AF00232768C4E9003321F0E5
:100A6C00070141F001012183218B4FF0000901F0B6
:100A7C00070AAA457FF440AF002F9CD041F0080133
:100A8C00218388F31188BFF36F8F002FC8D03D6886
:100A9C00394633465246204605F0D0FA2F46F4E745
:100AAC00AB067FF51BAF25F02003238305F007056C
:100ABC0000E700BF75600000014B03600020704729
:100ACC00387A000008B5044805F07FFABDE8084004
:100ADC00024805F07ABA00BFE38E0000188F0000C0
:100AEC0030BFFFF7FDBF00BF2DE9F04105460B4EAF
:100AFC00DFF82C80324606EB0807CC1B2046094950
:100B0C0006F0DCF9A01942460021083C06F0E3F996
:100B1C00C5F8B44007F10800BDE8F0810000000002
:100B2C0004000000E8790000054B5A699B689A4262
:100B3C001FBF044A536843F080535360704700BF93
:100B4C005006002000ED00E0154B9A6A12F0007F71
:100B5C009A6A14BF1E201D2012F0807F9A6A18BF5B
:100B6C001F2012F4801F9A6A18BF022012F4002F63
:100B7C009A6A18BF212012F4802F9A6A18BF22207B
:100B8C0012F4003F9A6A18BF232012F4803F9A6A2D
:100B9C0018BF24206FEA02426FEA12429A62704731
:100BAC0000ED00E010B5194B0246986A9C6A10F4EF
:100BBC00805F14BF1720162014F4006F9C6A18BFB6
:100BCC001820A40509D5986B986A000404D51AB1AD
:100BDC009A6A22F400429A6219200C4B9A6A12F417
:100BEC00806F9A6A18BF1A20D2050CD49B6A13F432
:100BFC00005F18BF1C20054A936A43F47F4393623D
:100C0C0000230B7010BD1B20F5E700BF00ED00E0CA
:100C1C0010B51C4B0246986A9C6A10F0100F14BF5A
:100C2C001120102014F0080F9C6A18BF1220A40782
:100C3C0009D5586B986A000604D51AB19A6A22F045
:100C4C0080029A6213200F4B9A6A12F0010F9A6A73
:100C5C0018BF142012F0200F9A6A18BF1520D40662
:100C6C0058BF9B6A074B9A6A920642BF5A6A22F493
:100C7C0000525A629A6A42F0FF029A6200230B7089
:100C8C0010BD00BF00ED00E0F0B5474B04465B68BB
:100C9C0000258BB0C3F3080385F31188BFF36F8F66
:100CAC0002F07F40B0F17F4F11D102F00C00082808
:100CBC000DD010074CBF0C4601250022033B8DF8CC
:100CCC000720032B05D8DFE803F02462665F2C466F
:100CDC00F3E700239DF80720CAB902AE04F1200700
:100CEC00324620686168083403C2BC421646F7D10C
:100CFC00099A002D53D0C2F3080121B96FEA522290
:100D0C006FEA42220992184602A905F043FA0BB089
:100D1C00F0BD254BDA6A9107DBD4DA6A002AD8DBFE
:100D2C00DA6A5200D5D55A69A16942F480725A61C7
:100D3C00BFF34F8FBFF36F8F5A6931F8021C22F447
:100D4C0080725A61BFF34F8FBFF36F8F4DF60272F3
:100D5C00914209D09A6AD2B242B101200DF1070139
:100D6C00FFF756FF0346B5E72368B3E79A6A12F418
:100D7C007F4F05D001200DF10701FFF713FFF1E7BD
:100D8C009B6AB3F5803FA4D3FFF7DEFEEAE70020B1
:100D9C000DF10701E4E700200DF10701EDE722F466
:100DAC00FF7222F00102ADE700ED00E0064B5A693C
:100DBC0042F010025A615A6942F480625A615A69CF
:100DCC0022F008025A61704700ED00E0EFF3088052
:100DDC00EFF3098101B57246FFF756FF01BD00BF65
:100DEC00002080F31488BFF36F8F002080F30A88F3
:100DFC0080F30B88104880F3088800200F49087096
:100E0C0001F0D4F900200E490860BFF34F8F00F0B9
:100E1C002DF8202080F311880A484FF40061401807
:100E2C0080F30988EFF314800221084380F31488BF
:100E3C00BFF36F8F00F0F0F8D8190020910C002050
:100E4C0094ED00E0980C0020002318460649D1F8D8
:100E5C009020C2F30722934200DB7047C1F8983010
:100E6C00C1F8A0000133F6E700ED00E010B572B652
:100E7C00002484F31388FFF7E7FF23464FF0FF307D
:100E8C000C4A03F120010133102B42F82100F8D158
:100E9C0000234FF0FF30074A03F160010133102BA0
:100EAC0042F82100F8D162B6BFF34F8FBFF36F8FBA
:100EBC0010BD00BF00E100E0084B9B6883420BD1E2
:100ECC00EFF3058343B1064B5A6842F080525A60E7
:100EDC005A6A22F400425A6203F090BB500600207A
:100EEC0000ED00E016498A684FF030001044EFF333
:100EFC00098C80E8F01F202080F31288BFF36F8FDD
:100F0C00104F4FF000664A698A603E60D2F8B40018
:100F1C000D4C2060D2F8B8000023C2F8B83080F332
:100F2C00118802F1300090E8F01F8CF3098802F16F
:100F3C00000004B505F043F9BDE80440704700001B
:100F4C005006002004ED00E0580400201EF0040FB1
:100F5C000CBFEFF30880EFF30980816911F8021CD4
:100F6C000229FFD001B5724605F01AF901BD00BF88
:100F7C0000B2002807DB01234109034A00F01F00DF
:100F8C00834042F82130704700E100E000B20028B5
:100F9C000CDB01220649430900F01F00824020337C
:100FAC0041F82320BFF34F8FBFF36F8F704700BF03
:100FBC0000E100E0054B420953F82220012300F028
:100FCC001F0003FA00F01040704700BF00E100E082
:100FDC0000B2002801F10101ACBF00F16040064BEA
:100FEC004FEA4111C9B2ABBF00F5614000F00F00F0
:100FFC0080F800131954704714ED00E0044B054AB7
:10100C0023F07F039360BFF34F8FBFF36F8F704755
:10101C000000000000ED00E008B5FFF7EFFF074A05
:10102C00D2F8883023F47003C2F8883002F0E4FD63
:10103C0003F02CFC00F048F802F022FE00ED00E07A
:10104C0042F8203C009B0B4942F81C3C019B21F0D0
:10105C00010142F8183C029B42F8081C42F8143C6F
:10106C004FF0807342F8043C0023203A0265C0F82C
:10107C00B83070477508000000B50C4B15469860E9
:10108C00D0F8B4200A4B0E461A60D0F8A43083F383
:10109C000B882C4686F309880020064B984720467F
:1010AC00002100220023044C204700BF50060020E2
:1010BC0058040020D5610000750800001022014B77
:1010CC001A61704700ED00E00023202040F20F125F
:1010DC0010B5044CE1180133934281F80003F9D1A7
:1010EC0010BD00BF00E100E008B5EFF30583064A30
:1010FC00103B02EBC30152F8330049688847BDE846
:10110C000840FFF711BD00BFD47000001FB5094C9B
:10111C00094A23460121094800F0FAF800230393F9
:10112C00074B0121E41A01A80193029400F0FAF88C
:10113C0004B010BD0000032000000020387A00002D
:10114C00A801002010B50C7A0B6804F01F0223F0E4
:10115C001F031A43CB68640923F01F03054943EAB4
:10116C00440343F00103C1F89800C1F89C20C1F876
:10117C00A03010BD00ED00E010B5074BD3F8903057
:10118C00C3F30723013B984202D8FFF7DBFF10BDE6
:10119C006FF01500FBE700BF00ED00E02DE9F04F0C
:1011AC000F46144606464FF000084D4D85B0B84525
:1011BC0080F29280D6F80490B9F1000F36D0B9F1D4
:1011CC001F0F40F2878019F01F0F40F08380D6F874
:1011DC0000A01AF01F0F7DD1504605F018F8834679
:1011EC0009EB0A00013805F012F8834572D11BF1A6
:1011FC00160F6FD05C456DDDC5F898B0D5F89C1016
:10120C00C5F898B0D5F8A03021F01F0143F01F0AA3
:10121C00D6E900321A44994202F1FF391ED1CA456F
:10122C0008D131465FFA8BF004F0FAFF08F101089F
:10123C000C36BCE73146C5F898B0D5F89C3022F096
:10124C001F0203F01F031343C5F89C30E0B204F0F7
:10125C00E7FF10F1160F3DD0441CE7E7C5F898B036
:10126C00D5F8A020013B23F01F0302F01F0213430B
:10127C00CA453146E0B2C5F8A030E8D004F0D0FF42
:10128C0010F1160F26D0C5F898B0D5F89C209DF813
:10129C0008300AF1FF3A62F304038DF80830D5F8F0
:1012AC00A0309DF808205B0863F347128DF80820E6
:1012BC00D6E900321344009323F01F035344A3EBED
:1012CC000903013023F01F036946C0B20393FFF7F3
:1012DC0053FFBEE76FF01504204605B0BDE8F08F54
:1012EC0000ED00E00522044BC3F89420BFF34F8FB0
:1012FC00BFF36F8F704700BF00ED00E0BFF35F8F4F
:10130C000022024BC3F89420704700BF00ED00E0B0
:10131C0010B5034C2278FFF741FF207010BD00BFC1
:10132C00800C00202DE9F74F294D8A4606464FF0D8
:10133C000008AB46274FD0451BDAD6F80490B9F11C
:10134C00000F3FD031680846019104F060FF01990D
:10135C00044609EB0100013804F059FF84424FF0B8
:10136C0014021D4B08D002FB08F36FF015024BF86A
:10137C00032003B0BDE8F08F14F1160F2C60F8D0E9
:10138C001978A142F5DD02FB08B0C7F89840C7F800
:10139C009840D7F89C4000F10801007B64F30400EE
:1013AC000871D7F8A0000C79400860F347140C7151
:1013BC00D7F89C1021F01F016960D7F8A01021F01C
:1013CC001F01296108F1010814350C36B3E700BF81
:1013DC005C04002000ED00E0800C0020F0B54149D9
:1013EC00414CD1F890302568C3F307239D4287B058
:1013FC0075D80020FFF782FF3C4BC1F8C030854206
:10140C0016D13B4C01A82570FFF756FB002506466C
:10141C00384FAE4213D1002023783249D1F89020B6
:10142C00C2F30722934254DBFFF75CFF00202FE04E
:10143C00616801EB0011FFF785FE0130DFE70199D0
:10144C00280101EB0513DA683A40B2F5001F21D0F0
:10145C00B2F5800F2BD0B2F5801F38D15A689B683B
:10146C000958013B22F01F0003440120844623F05D
:10147C001F0340EA4C10CDE902218DF8100002A99F
:10148C0020780593FFF778FE00281DDA6FF0150021
:10149C0007B0F0BD5A689B680958013B22F01F0049
:1014AC0003444FF0020C012023F01F03E1E75A68BC
:1014BC009B680958013B22F01F0003444FF0000CBD
:1014CC00062023F01F03D4E7237801332370013562
:1014DC009FE7C1F89830C1F8A00001339EE74FF0A8
:1014EC00FF30D5E700ED00E0447A0000AAFF44008D
:1014FC00800C00200000F0FF08B50649064821F0DA
:10150C000701C1F1005202F5403204F004FD002045
:10151C0008BD00BFDF1900207004002008B5234A65
:10152C00234B1A6000F05EF84FF47A612148D0F832
:10153C002436C3F30802C3F309434B4382F480728D
:10154C001D49883201FB02334FF4FA215B00B3FBD7
:10155C00F1F201FB12331949B3F57A3F28BF01327E
:10156C00C1F80429D0F820364FF47A60C3F308028E
:10157C00C3F30943434342F21C5082F4807202F2DB
:10158C00172200FB02334FF47A701B0AB3FBF0F204
:10159C0000FB1233B3F5FA7F4FF0010328BF013281
:1015AC00C1F81C27C1F80036002008BD0020A10797
:1015BC00E000002000C0FF00F82A0080000012505C
:1015CC0048B1054B054A1B68B3FBF2F35843044B77
:1015DC0043F0010318477047E000002040420F0021
:1015EC00107A00000122024BC3F80424704700BF9C
:1015FC00002008E0084B70B5C31A0D4607499B1034
:10160C00044659434022064804F02CFE2B46014662
:10161C002046BDE87040184790040020B76DDBB63B
:10162C0034700000402373B50B4C0093041B0B4625
:10163C000D460A49A41061430646094A094804F0BC
:10164C003DFE011E05DA30462B4602B0BDE8704067
:10165C00184702B070BD00BF90040020B76DDBB618
:10166C00336300003470000010B5EFF311842023B5
:10167C0083F31288BFF36F8F074A136823F00201BC
:10168C00DB07116002D4012004F04FFF84F31188B2
:10169C00BFF36F8F10BD00BFE004002070B50022B7
:1016AC000121044640F20510FFF792FC0F4800F0B0
:1016BC00DDFE0F4B984215D100F0E8FE26690D496E
:1016CC00304604F0DEFC00280BDB01253564246970
:1016DC00084904F11C0004F0D4FC002801DB0020B4
:1016EC00E56470BD6FF00400FBE700BF57630000BA
:1016FC000000AD0B6C7A00001FB500220123CDE970
:10170C0002236B46084ACDF800D0CDF804D004F083
:10171C0003FE002805DB43F609520023684602F05D
:10172C0013FC05B05DF804FB516300000C22104B58
:10173C00014602FB0033002030B4D3E90E5298630B
:10174C00EFF31180202484F31288BFF36F8F1C6C8D
:10175C0004F0C00444F002041C6480F31188BFF34D
:10176C006F8F1DB12B4630BC0248184730BC7047F8
:10177C00900400203470000010B4EFF31182202389
:10178C0083F31288BFF36F8F1648016841F002048F
:10179C000460C80707D482F31188BFF36F8F012050
:1017AC0010BC00F089BE1049D1F80C14C903F2D555
:1017BC00EFF3118083F31288BFF36F8F0B490B6C1F
:1017CC0003F0C00343F002030B6480F31188BFF3F2
:1017DC006F8F82F31188BFF36F8F002010BCFFF75F
:1017EC00A5BF00BFE004002000E0105090040020D2
:1017FC002DE9F041012207463449D1E8EF3FC1E819
:10180C00E02F0028F9D133B9314932484B60CB6015
:10181C008A6004F049FC7B1E012B28D8012F06D1CD
:10182C002D4BD3F8503403F00303012B1FD005F0DC
:10183C0015F80546E8B9294B1B78D3B104220646A6
:10184C00254BC3F80823244CDFF89480D4F84C249F
:10185C00D4F84C34D20315D503F00303012B01D07B
:10186C00012F0FD165B386F31188BFF36F8FBDE8DD
:10187C00F081EFF31186202383F31288BFF36F8F6F
:10188C000125E0E7BDB1304604F0B2FCD4F8403499
:10189C0013F0FF03DAD1D4F80821002AD6D0C4F80B
:1018AC000831D4F8083120220123C4F84034C8F898
:1018BC00A0212361CAE70021202002F047FEE5E7C2
:1018CC000422054BC3F80423D1E700BF8C0400208D
:1018DC007C040020AC04002000E01050910C00208F
:1018EC0000E100E02DE9F04340F206354668D006F1
:1018FC0048BF0320337B02EA050558BFC2F34010F2
:10190C0087B001F01F07B5F5837F144647EA4317EC
:10191C008DF8030045D00FD8062D44D007D8B5B1AB
:10192C00022D14D06FF0150007B0BDE8F083B5F5AB
:10193C00807FF7D101250AE040F20222954234D093
:10194C00B5F5407F33D0B5F5007FEBD104252203EC
:10195C002FD5012372688B405360326982BB5F2F95
:10196C0007F01F034FEA571177D83E4A52F821204F
:10197C0084F4803102EB8302D2F88030C1F3004151
:10198C00C4F3404423F4706344EA410423F00F038E
:10199C001C4344EA800444EA0524C2F88040002039
:1019AC00C2E70925D3E70825D1E70625CFE70525AA
:1019BC00CDE7630341BF012372688B409360CCE792
:1019CC001036394630460DF1020201F0ABF914F431
:1019DC00403F80460CD13946304604F06BFE224B1A
:1019EC009845DCD130469DF8021001F007FAD6E795
:1019FC004FF0000901AB3946304603AACDE9043952
:101A0C00CDE90199CDF80C9000F0FEFF164B9842F1
:101A1C0088D114F4003315D09DF8033084F480344D
:101A2C00C4F300448DF80E3039464B46304603AAB9
:101A3C008DF80C508DF80D4001F0D2F80A4B9842FD
:101A4C00CDD06FE7CDE9043339460DF103033046B1
:101A5C0003AA039300F0D8FFF0E7203352F82330A9
:101A6C00FFDE00BF887A00000000AD0B4209022A9D
:101A7C00034670B503D0012A18D0CAB170BD0E4E02
:101A8C00326951680029F9D0012503F01F030C6855
:101A9C009D400029F2D08A682A4002D030464B681B
:101AAC0098473CB1236821461C46F2E7034EE7E712
:101ABC00034EE5E72346F6E79470000074700000CF
:101ACC005470000038B545682B69E3B110352846D1
:101ADC0001F086F90446B0B90146284601F040F9F8
:101AEC000B4B984211D1224628460A4901F00CF9B9
:101AFC0022460121DB20FFF76BFA2246012140F23E
:101B0C000D10FFF765FA002038BD6FF00400FBE7FD
:101B1C000000AD0B791A0000F0B51646426801F0D2
:101B2C001F04107B87B044EA40141069002871D060
:101B3C00B6F5001F02F1100506D12146284604F027
:101B4C00BBFD002007B0F0BD0027B6F5800F01A843
:101B5C00019747603BD1B3F1007F14BF05230423E9
:101B6C008DF804300023CDE90403039393680DF141
:101B7C00030723FA01F111F001013DD1B6F1A07F69
:101B8C003AD104F01F035F2C4FEA541003F12003E9
:101B9C0046D8254A52F8202052F82330DB072BD4A4
:101BAC003A462146284601F0BDF8204B984219D000
:101BBC0002972146284603AA00F026FF1C4B9842A8
:101BCC002BD101222146284601F028F9B9E7B3F1BF
:101BDC00C06F05D0B3F1007F14BF01230223BFE710
:101BEC000323BDE73946284601F010F9104B984203
:101BFC00DED06FF00B00A5E73A462146284601F0EF
:101C0C0091F80B4B9842D4D128469DF8031001F063
:101C1C00F5F8CEE76FF0850094E76FF0150091E7CB
:101C2C0051F82330FFDE00BF887A00000400AD0BB2
:101C3C000000AD0B02780B69012A08D0022A08D0EB
:101C4C004AB9064A1A6203F1100002F049B9044A73
:101C5C00F8E7044AF6E7044AF4E700BF0000AD0BCE
:101C6C000100AE0B0200AE0B0100AD0B2DE9F04FE5
:101C7C0087B004934368D0F810B0D3F828809B8BBE
:101C8C00174603934FF0FF324FF0FF3305460C46D7
:101C9C0004F0CCFB0BF1100302930026002300226E
:101CAC000BF1100002F050F93346BE4201D3002371
:101CBC004DE0207A010776D40136BE4221680BD262
:101CCC00820709D4227D80EA020C0CF0010C02F090
:101CDC0004025CEA020C08D023B901F06042B2F1B4
:101CEC00005F1AD04FF0000901E04FF00109626863
:101CFC00DDF80CE003EB020CF44557D8C00705D413
:101D0C0008EB0300059305F0D9F8059B62681A44AB
:101D1C0093B2B9F1000F2FD113BB4FF00009D4F8D7
:101D2C0000A0A388049A217A28460092524600F01B
:101D3C0063F8031E0BDB43F609520023029802F0F2
:101D4C0003F980B1284600F037F86FF004032846F9
:101D5C00029304F06EFB029B184607B0BDE8F08FAF
:101D6C009946C246DEE7DBF82030124A9342ECD1AA
:101D7C00237ADB0702D400230C3496E7C245FAD150
:101D8C00A24609E0A9EB02011FFA81F9DAF80C006E
:101D9C0018FA81F105F092F8DAF80420AAF10C0A8D
:101DAC009145EFD2E7E76FF08503D0E76FF01B03A7
:101DBC00CDE700BF0000AD0B70B54468236820462A
:101DCC00D3F80056D3F8046601F064FB314628467C
:101DDC0001F018FE05460021606A04F02DFB204638
:101DEC0001F048FB034B9D4214BF6FF00F00002025
:101DFC0070BD00BF0000AD0BF0B50C461D4616467D
:101E0C0087B04768122200210DF1060005F063F837
:101E1C0004F001038DF80430BDF8303002958DF8D4
:101E2C000530BB8D0496AB4214D384F00202C2F38E
:101E3C0040023846520101A901F074FB084B98424C
:101E4C000BD00B33984214BF6FF004006FF00F00EF
:101E5C0007B0F0BD6FF01B00FAE70020F8E700BFF9
:101E6C000000AD0B38B5044645682B6A9847012134
:101E7C00686A04F0E1FA23462846AA6905F10801CC
:101E8C0001F0BEFA054B984204D1204604F000FB49
:101E9C00002038BD6FF00400FBE700BF0000AD0B65
:101EAC00036803F01F025F2B02604FEA53129ABFC4
:101EBC00024B53F822000020704700BF287B000023
:101ECC002DE9F04F1646824640F2FF17DFF8489195
:101EDC0085B000EB8101514503D1002005B0BDE870
:101EEC00F08FDAF80020C2F3C323082BC2F30804E6
:101EFC0000F28F804948BC4208BF4FF0FF34B2F16A
:101F0C00D05FC55C4FEA12630ED20A2B0ED90B3B85
:101F1C000E2B0BD8DFE803F00D3B0A0A0A0A0A0A5B
:101F2C000A0A0A3E53565900382B51D06FF08500DF
:101F3C00D4E7C6F80046002D5ED1651C59D04FF091
:101F4C0000080825DAF80030039403F40040002858
:101F5C0003A80EBFC3464FF0010B4FF000080193CE
:101F6C00FFF79EFF039C019B00EB8400D0F88040A0
:101F7C00C3F3412C2B0243EA8C0343EA080304EA23
:101F8C000904234343EA4B03C0F8803031E0C6F820
:101F9C000446D0E7C6F86045601CDAF8003028D05B
:101FAC00C3F30043039403A85BBBFFF779FF012243
:101FBC00039B02FA03F383604FF00108C2E7C6F8F3
:101FCC006445E9E7C6F86845E6E7C6F86C45E3E71B
:101FDC0003A80394FFF764FF039B621C00EB8300D0
:101FEC00D0F8803023F0E04343F08043C0F88030D9
:101FFC00E2D10AF1040A6EE7631CFAD04FF0000834
:10200C00A0E7FFF74DFF0122039B02FA03F34360A5
:10201C00D2E76FF0150061E7F0F0FCFF8E8F000047
:10202C0070B514461D4604F065FAA042A94113D3BD
:10203C000A4AD2E90061A41B24F01F0365EB0100DE
:10204C009B1941EB0001C2E90031640944EAC0600C
:10205C00BDE8704002F0F6BC70BD00BFB0010020BE
:10206C0010B500220121E420FEF7B2FF174A002030
:10207C00D2F8183723F44033C2F8183700F0ACFF0D
:10208C00134B0446984208D10120124901F034F850
:10209C00A04205D0104B984214D04FF0FF3010BD29
:1020AC0004F028FA67220D4B20F01F00C3E9000151
:1020BC000B4BC3E900010B4B02201A60FFF798FB96
:1020CC000020ECE76FF00B00E9E700BF00200E509A
:1020DC000000AD0BDC0000200200AD0BB0010020B5
:1020EC00A80100202C05002008B504F003FA054ACD
:1020FC00D2E90032C01A61EB0201400940EAC1602A
:10210C0008BD00BFB001002037B5431C0CBF6FF0F9
:10211C00004420EAE07404F0EDF90D4BD3E90025FE
:10212C00801A61EB05032021C4FB0103402873F1E5
:10213C0000042CBF20F01F01002352184FF00101A6
:10214C0045EB03030091034801F03AF803B030BDAE
:10215C00B0010020D4000020064BD3F840231C2AE9
:10216C0005D1D3F84403431E584258417047002010
:10217C00704700BF00C0FF0003689A070CD50368C6
:10218C00DB070DD50922074BC3F80C250F22C3F82A
:10219C00042501221A60FEE7034B0360EF3B03604A
:1021AC00704700BF00801050F000FA5008B50123B2
:1021BC00484AC2F80038484AD2F840231C2A01D0B9
:1021CC002E2A02D1454AC2F80C344548FFF7D4FFF9
:1021DC000830FFF7D1FF0830FFF7CEFF0830FFF7CC
:1021EC00CBFF00F5F470FFF7C7FF3E4AD2F88C30F6
:1021FC0043F44063C2F88C300022D30003F57F0314
:10220C0003F54043D3F8001401310AD0D3F800147D
:10221C0039B1D3F800140132D3F80434402A0B60DE
:10222C00EBD12C4BD3F840242AB3FFF795FF48B1E0
:10223C00294BD3F834232C4B9A429EBF254B2B4A67
:10224C00C3F84026FFF788FF18B1294B294AC3F879
:10225C00AC27214BD3E9D0231C2A10D1012B10D150
:10226C0034221C4BC3F82426D3F83C2622F400223B
:10227C00C3F83C2605E0C822C3F84024D5E72E2A33
:10228C00ECD0154BD3F840331C2B01D02E2B08D19E
:10229C00194BD3F80026D20744BF6FF00102C3F8E4
:1022AC00002603236FF0C001144AC2F81835144BF2
:1022BC00C3F808156FF0FF01C3F80C150949D1F8E4
:1022CC008C3043F44063C1F88C300023C2F8A03545
:1022DC0008BD00BF0000125000C0FF0000300550C8
:1022EC0000C50D5000ED00E0001D0A1840E0A91ECD
:1022FC0000A0085078000A0400E0105000B0045010
:10230C0000F00C5030B50468ACB1B4FA84F301227F
:10231C00C3F11F03DBB29A4024EA0202D0E8EF5F5C
:10232C00A54204D1C0E8EC2FBCF1000FF6D1EAD1E4
:10233C0002480B7030BD0248FCE700BF0000AD0B3B
:10234C000200AD0B10B50368CB40DB0710D40123A2
:10235C008B40026843EA0201D0E8EF4F944204D16B
:10236C00C0E8EC1FBCF1000FF6D1F2D1014810BD52
:10237C000148FCE70000AD0B0400AD0BF7B50446BB
:10238C0058B3012827D104224FF4807371203449AB
:10239C000025C1F80803012002F1A04203F1A0437B
:1023AC0003F5871302F5871210601D601B682D4B17
:1023BC00D3F840331C2B15D02E2B13D0844201D1D3
:1023CC000DF10705002342F21076254F8DF80730EA
:1023DC0074B1012C30D003B0F0BD14224FF48473CF
:1023EC000420D4E7012C01D1CC60E9E70025E9E712
:1023FC00D7F84C3403F480336DB9002BEBD00120AB
:10240C0004F091F8013EF3D1E5E7012004F08BF8DC
:10241C00013EDDD1DFE7D7F84C2402F003022A702D
:10242C00002BD8D09DF80730002BEED0012CD2D148
:10243C0000220D4B5A71CEE7D7F80C3403F48033DD
:10244C003DB9002BF4D0012004F06DF8013EF3D11E
:10245C00C1E7002B0CBF012300232B70E2D1E7E76F
:10246C0000E0105000C0FF0030050020044B1A792A
:10247C0022B9012218601A7102487047024870474D
:10248C00300500200000AD0B0C00AD0B08B5084B5F
:10249C001B6843B140F20510FEF78CFD18B940F2F1
:1024AC000510FEF765FD0022024BC3F8402408BD61
:1024BC003005002000E0105010B510B1012845D0B7
:1024CC0010BD344BD3F84C14D3F84C24C80324D58A
:1024DC0002F00303012B04D013B10020FFF74EFFD1
:1024EC0000232C4A0420C2F8403410224FF4847389
:1024FC00002103F1A04303F5871319601C68012424
:10250C0002F1A04202F587121460234A1268002AD5
:10251C0039D0204BC3F80403D2E7D3F84824D107B1
:10252C00DED5D3F850249207D7D41B4A12681AB1BF
:10253C000422C3F80423C3E7D3F80821002AFBD0F4
:10254C000022C3F80821D3F80831B9E70022114B57
:10255C00C3F81021D3F81011C3F81821D3F81811AF
:10256C00C3F81421D3F814210C4AD2F840231C2AA6
:10257C0006D02E2A04D000224FF480737120B7E7C6
:10258C0001229A60F7E71A68002AFCD019601B68D0
:10259C0096E700BF00E010503005002000C0FF009F
:1025AC0070B500251E4C1F4ED4F80C3303B970BD0A
:1025BC00B3FA83F3C3F11F039A0002F5807292B24F
:1025CC0002F1A04202F58712156012680122D8B2FE
:1025DC0002FA03F3DBB2102BC4F8083311D0402BF2
:1025EC001BD0042B16D1D4F84C14D4F84C148907F6
:1025FC0010D1C4F84024C4F804332261D4F80C334D
:10260C00D4E702237371C4F81451D4F81431202385
:10261C00C4F8043333689847F0E77571FAE700BFE4
:10262C0000E0105030050020036803F01F025F2B00
:10263C0002604FEA53129ABF024B53F8220000205B
:10264C00704700BF347B0000034A4309D35C00F0A1
:10265C001F001844C0B27047978F000070B5054634
:10266C000846FFF7F1FF3C212A79184B01FB0202C7
:10267C00083233F81200C10526D578240026C0F3A1
:10268C00432120F4F85023F812002A7904FB023479
:10269C000E3434F8020F10F4807F03D0C0F34320C3
:1026AC00814211D00136232EF3D10020C2EB02124D
:1026BC000A4443F8320078202A79BDE8704000FBC8
:1026CC0002306030FFF73EBE70BD00BF3805002001
:1026DC00F0B50646002487B0114F019117F8012B75
:1026EC0006AB03EBD20313F8143C02F00702D34001
:1026FC0013F0010306D10134032CEFD1002318464B
:10270C0007B0F0BD074A03AD07CA85E8070055F8C6
:10271C0024100A6A46F824200A62002AEBD0EEE75D
:10272C00A78F0000F079000010B504460846FFF7AB
:10273C008BFF3C2303FB0400024B083033F81000E2
:10274C00400B10BD3805002010B504460846FFF7B5
:10275C007BFF3C2303FB0400034B083033F81000D1
:10276C00C0F3400010BD00BF3805002010B5044672
:10277C000846FFF769FF3C2303FB0400034B0830BA
:10278C0033F81000C0F3401010BD00BF3805002016
:10279C0078232DE9F04F6F4C0E460C1BB4FBF3F471
:1027AC00D0F81413DFF8B0B1C9B28BB041F40031DA
:1027BC005BF83420009003F031FF8103054638D5D7
:1027CC000023E7000BEBC404CDE9073309936368DE
:1027DC0007A819460193FFF77BFF3B1D03934FF0AE
:1027EC00000A5E4B0DF11C090293029A12F8013B90
:1027FC000292039A02EBD3021BF8022003F00703A8
:10280C0022FA03F3DA071AD40AF1010ABAF1030F18
:10281C0009F10409E9D14FF400310022009803F0CA
:10282C00FDFE019907A8FFF753FF0028D7D125F427
:10283C0000350124002D76D10BB0BDE8F08F484B4C
:10284C0053440493D9F800100029DDD091FAA1F17A
:10285C00B1FA81F1049B1C7841EA44142046FFF73D
:10286C00F3FE083036F81080C8084FEA9803059339
:10287C00012319F8002001F0070103FA01F122EA03
:10288C00010209F8002006A80694FFF7CDFE069A6F
:10289C00059B203250F82220C8F382075B07B8460C
:1028AC00C2F3014223D53046D7B22146424603F04B
:1028BC0096FE06A80694FFF7B7FE069B203350F849
:1028CC002330C3F301439F4207D10021204603F07C
:1028DC0077FE3946204603F073FE06A80694FFF7F0
:1028EC00A3FE0122069B02FA03F30362AAE7022A63
:1028FC000DD10321204603F063FE07F00503012BE5
:10290C00EBD142462146304603F069FEE5E7022151
:10291C002046059203F054FE032FF2D0059A032AA9
:10292C00DBD1022FECE795FAA5F3B3FA83F3009908
:10293C0004FA03F225EA020503F5A27251F82220EB
:10294C0006EB43033046B3F86410C2F3014203F0C4
:10295C0046FE6FE738050020407B0000A78F000083
:10296C00A78F00002DE9F74305460846FFF76CFEDC
:10297C003C222B79204F02FB0303083337F813302A
:10298C000E46DB07044635D5284603F06EFE95F857
:10299C00049031464846FFF7E9FE60B14846FFF720
:1029AC00C3FE0022D5F8008000B208EB8003C3F808
:1029BC001025C3F8102528463146FFF74FFE3C2260
:1029CC002B7901A802FB03440023083427F81430A8
:1029DC000196FFF729FE019B00EB8300D0F88020C5
:1029EC00064B134043F00203C0F88030044803B098
:1029FC00BDE8F0830348FAE738050020F0F0FCFF4F
:102A0C000000AD0B0400AD0B2DE9F04F90460446D1
:102A1C0085B00846FFF718FED8F800900F4606461A
:102A2C002579B9F1000F23D02846FFF78DFE18B198
:102A3C002846FFF79BFE58BB00230DF10F02CDE992
:102A4C0000338DF80E308DF80F300DF10E014B4622
:102A5C00384603F06CFD3C2303FB05635D490833EA
:102A6C0031F8132022F0020242F0010221F8132067
:102A7C00D8F80430002B3FD03946207993F80090D9
:102A8C00D3F804A0FFF760FE20B1BAF1000F26D0F6
:102A9C00514835E03C226A43DFF838E102EB060C82
:102AAC000CF1080C3EF81C3023F02003DB04DB0C8B
:102ABC002EF81C30BAF1000F11D0B9F1030FE7D882
:102ACC00D8F804102068496891F800A000EB8A003F
:102ADC00B9F1000F17D1C0F81095C0F810953C2330
:102AEC0003FB05653B4A083532F8153023F01C030F
:102AFC0043EA890322F81530D8F8083063BB37480D
:102B0C0005B0BDE8F08FD0F810B552442BF0030B94
:102B1C00C0F810B5206843EA4A3300EB8A01D1F8BB
:102B2C0010050EEB420220F4473020F47C70C1F803
:102B3C00100541F6F070D1F810B500EA071040EA24
:102B4C00094040EA0B0043F02003C1F81005A2F83D
:102B5C0064702EF81C30C2E73946D3E90085204654
:102B6C00FFF77CFDB8F1000FC9D078232079194FFD
:102B7C004343FA18FB58984504D153689D4201D140
:102B8C0000220CE0782303FB00700DF10F01603084
:102B9C00FFF7B8FB114B9842B2D19DF80F203C21A6
:102BAC002379C3EB0313134447F833802379C3EB26
:102BBC000313134407EBC3035D60237901FB036329
:102BCC00083337F8131041EA422242F4807227F896
:102BDC00132094E7380500200400AD0B0000AD0B6A
:102BEC002DE9FF470546084617461E46FFF72CFD04
:102BFC008946044687B395F804804046FFF7A4FD48
:102C0C0018B94046FFF7B2FD68BB3C2303FB0848EC
:102C1C00DFF8E4A008F108083AF8183013F01C0F9C
:102C2C0002D07B78012B1ED001238DF80F300023AE
:102C3C007A1CCDE900734846BB1C0DF10F0103F063
:102C4C0076FC3C222B7902FB034308333AF8132021
:102C5C0042F003022AF81320002E4BD04946287963
:102C6C00FFF772FD18B9254804B0BDE8F0870021C4
:102C7C004FF03C0C30782B68820003EB8003C3F8D8
:102C8C001015C3F810152B791B490CFB03430833A3
:102C9C0031F8137027F4604727F0200721F81370E0
:102CAC0077783FB32B68B6781A44D2F810E5144BFA
:102CBC003F040EEA0303C2F8103541F6F07307F433
:102CCC00403703EA09133605D2F810E53B4306F406
:102CDC008016334343EA0E03C2F810352B790CFBF4
:102CEC000344083431F8143043EA403343F02003F2
:102CFC0021F814300348B7E7380500200400AD0B69
:102D0C000FE0ECFF0000AD0B30B578250479044BD7
:102D1C0005FB0434A160017905FB0133DA6030BD99
:102D2C003805002070B5067914463046FFF71EFDB5
:102D3C0068B10846FFF788FC3C2303FB0600054BF3
:102D4C00083033F8103004485B0B237070BD034817
:102D5C00FCE700BF380500200000AD0B0400AD0BF4
:102D6C00F8B5064607797820194D00FB075393F800
:102D7C00744054BB184646222146103004F0ABF880
:102D8C003179144A336852F8316021468E4212D19F
:102D9C000022C3F30830C3F844210130D3F8442196
:102DAC00FEF7E6F8782303FB075501230A4885F85C
:102DBC0074302B66F8BDCAB2920002F58070442ABA
:102DCC0004BF1C501A580131E0E70448F2E700BF79
:102DDC0038050020407B00000000AD0B0C00AD0B53
:102DEC0078210279044B01FB023393F8740000380C
:102DFC0018BF0120704700BF380500200079024B36
:102E0C0003EB8000FFF79EBAE40000200079024B30
:102E1C0003EB8000FFF776BAE40000202DE9F743BE
:102E2C0090F80490044648461746FFF79FFC0D4661
:102E3C00266800B34846FFF787FC8046D8B9484659
:102E4C00FFF772FC05B2AD0005F5807246F8028002
:102E5C002168B2582944D1F8102542F00102C1F87A
:102E6C0010252FB10122216802FA00F3C1F81433A6
:102E7C0003B0BDE8F083D6F8143328469B035CBF3F
:102E8C004FF40033C6F81433FFF7DEFB3C222379F2
:102E9C0002FB03000E4B083033F81030C3F38203EF
:102EAC00042B11D0052B11D001A80195FFF7BCFB09
:102EBC00019BC168D94001F001010231284603B0E1
:102ECC00BDE8F04303F07CBB0321F7E70221F5E7F3
:102EDC003805002001490248FFF75ABC380500208C
:102EEC0000A00D5001490248FFF752BCB00500206C
:102EFC0000C0105010B50024037A0D49CA181B01EC
:102F0C0003F1A04303F5622392F85420C3F82C4537
:102F1C000C2303FB02130468DC6042681A61012273
:102F2C00007A18758B68824013438B6010BD00BF0C
:102F3C0040000020074B027AD3F8101521F0010154
:102F4C000A43C3F810250268C3F8A4264268C3F8E4
:102F5C00AC26704700200E50012303FA00F010F04D
:102F6C00670F0AD0064B5B68DB4303F06703034231
:102F7C00044B054818BF184670470448704700BFFB
:102F8C00400000200000AD0B0400AD0B0800AD0BA1
:102F9C002DE9F048EFF31181202383F31288BFF35E
:102FAC006F8F4FF0FF356FF04044094ED6E900BCEF
:102FBC005D4574EB0C07F9D3CCF31303C0E900B3F4
:102FCC0081F31188BFF36F8F0248BDE8F08800BF12
:102FDC0040270E500000AD0BF0B53C4D85B02C7861
:102FEC00002C6FD13A4A01AB07CA83E80700394974
:102FFC001846D1F8102522F00202C1F81025FFF76F
:10300C0099FF0723672202F001012144013BCCB256
:10301C004FEA5202F7D1052C56D119464FF0010C4C
:10302C002A4E00246720CFB204E00CFA02F220EA08
:10303C000200013490FAA0F25FFA84FEBE45B2FAA7
:10304C0082F2F2D30131327505292A4482F8547088
:10305C0006F10C06E5D1012100241F489A0801FA5B
:10306C0002F212F0670F18BF1C500433302BF5D14D
:10307C00E420FDF77DFF174B1849D3F8102503F515
:10308C00C07322F00202C3F8902340F6FF72C3F81B
:10309C00A82100221A60A3F5807004338B420260D1
:1030AC00F8D101240B4B0E4A1C660E4B5D201B689D
:1030BC00B3FBF2F358430C4B234398470B482C704B
:1030CC0005B0F0BD0A48FBE70A48F9E740000020CC
:1030DC00FC79000000200E5000210E50B0210E5043
:1030EC0040420F00E0000020207A00000000AD0BF1
:1030FC000C00AD0B0100AD0B73B52A4C0546636893
:10310C000E4603F0010304F1140101A80193FFF72B
:10311C00F9F8254B98423DD100233370636823F0B6
:10312C0001036360A36843F00103A3601F4BD3F852
:10313C001025960732D4D3F8102542F00202C3F8BA
:10314C001025C5B1D3F8482712F0010202BFD3F8FD
:10315C00481741F00101C3F84817144BD3F8401736
:10316C00D3F844174C00F9D42AB9D3F8482722F0E5
:10317C000102C3F848270E4B0E4A1B68B3FBF2F34F
:10318C000A4A03EB43135BB1D2F84017D2F8441749
:10319C00490001D402B070BD013BF4E70648F9E7E1
:1031AC000648F7E7400000200000AD0B00200E5051
:1031BC00E000002040420F000C00AD0B0700AD0BEF
:1031CC002DE9F0410446007A1D46FFF7C5FE1E4B63
:1031DC009046984206469DF8187031D12046FFF76C
:1031EC0089FEEFF31180202383F31288BFF36F8FD6
:1031FC00227A164B9200134400221A60217AC5F3EE
:10320C001305090101F1A04101F56221C1F82085E6
:10321C00C1F8245580F31188BFF36F8F87B1012358
:10322C00227A0B4903FA02F2D1E8EF5F1543C1E8A9
:10323C00E05F0028F8D1227A9340064AC2F8243382
:10324C003046BDE8F08100BF0000AD0B00210E50F0
:10325C00C800002000200E50F7B5284B284CD3F89E
:10326C002C6304F188070EB903B0F0BD96FAA6F0F2
:10327C000123B0FA80F08340DA43224926EA0306A0
:10328C00231893F85450830019440C2303FB054373
:10329C00DB6873B3D7E8EF3F03EA020CC7E8EECF65
:1032AC00BEF1000FF6D1C340DB0719D5020102F1C4
:1032BC00A04202F56222D2F82435D2F82025D1F8AA
:1032CC0000C0BCF1000FCED04FF0000CC1F800C014
:1032DC000C2101FB054529690091E9688847C2E783
:1032EC0005F10C0304EBC30C54F83320DCF8043068
:1032FC00E5E70A68002AB6D00B60B4E700200E5050
:10330C004000002000210E50044B40EA0120C3F87D
:10331C000005D3F80024D207FBD5704700B0045049
:10332C0010B4CC7B8A6803682CB9D1E90041C3F88E
:10333C000046C3F80416C3F8242528220379534306
:10334C00054AD3582BB1006810BCC0F30830FDF708
:10335C000FBE10BC704700BF280600205F2800F08D
:10336C001F034FEA50110DD8094A52F8212002EBE5
:10337C008302D2F88010074B0B4043F00203C2F8D3
:10338C00803070470022203352F82330FFDE00BF1C
:10339C00507B0000F0F0FCFF70B5817B29BB02680C
:1033AC005F2A02F01F034FEA521420D8124E134D1D
:1033BC0056F8242040F60C0402EB8302D2F880303D
:1033CC002B402343C2F8803042685F2A02F01F036F
:1033DC004FEA52100BD856F8202002EB8302D2F899
:1033EC0080302B402343C2F88030012070BD203345
:1033FC0051F82330FFDE00BF507B0000F0F0FCFFE3
:10340C002DE9F041074690F80480282000FB08F0D5
:10341C00144E0C46351895F82210F1B9A9603250AB
:10342C006B6085F8251085F824106CB1A37B2046C1
:10343C0085F82730FFF7B0FF88B1637B214638460B
:10344C0085F82630FFF76CFF282303FB0866012361
:10345C00054886F82230BDE8F0810448FBE70448B3
:10346C00F9E700BF280600200000AD0B0C00AD0BE7
:10347C000400AD0B062103680279C3F8001528215E
:10348C00034B01FB0233022283F82220704700BF5A
:10349C0028060020282110B5002402790B4B01FBD3
:1034AC0002339C6001680A4AC1F80823D1F8002253
:1034BC0022F0FF5222F4BC52C1F800220122C1F8C2
:1034CC00004583F8222083F8244010BD28060020F4
:1034DC002264F81F70B5044606790068104DC0F3DD
:1034EC000830FDF753FD2046FFF7D4FF282303FBDC
:1034FC00065393F8272062B993F826304BB923680A
:10350C00D3F80006D3F80446FFF728FF2046FFF750
:10351C0025FF282303FB0655002385F8223070BDB8
:10352C002806002028232DE9F74F9246002290F818
:10353C000490B84D046803FB095383F823204B68AF
:10354C000E4633B1CB6803F06043B3F1005F40F03B
:10355C007E813378023B012B06D8336903F060433C
:10356C00B3F1005F40F073811AF0030F40F07181EA
:10357C00A94BC4F80833282303FB095393F82420E0
:10358C0002F0FF013AB19B68A44FC4F804333846EB
:10359C0003B0BDE8F08F1AF0140F0CBF012200220B
:1035AC0083F82420327809EB890883F8202072787C
:1035BC0005EBC80883F82120F268DA6072681A619A
:1035CC0032695A61B268C3F81CA09A61CAF300123E
:1035DC0083F825207378C4F88835C4F83811D4F8EA
:1035EC003831C4F82811D4F82831C4F81411D4F89F
:1035FC001431C4F80411D4F804313378032B00F2DD
:10360C00A280DFE803F0779760024FF48073C4F870
:10361C000032D8E90323C4F83C27C4F8403701230F
:10362C0023654FF00061204603F08DF80028F8D197
:10363C00D8E90523C4F83C27C4F8403728234FF4B5
:10364C00806203FB09539A60754F282303FB09F32F
:10365C00E858E9181AF0080313D13278032A10D06D
:10366C00012A40F08580A26200286ED0282303FB3B
:10367C0009F37268EB5822B9002B00F0AE800123DD
:10368C006360282303FB09F3EA18EB58002B00F0C6
:10369C00A4801AF0040F1CBF002393601AF0400F93
:1036AC0006D1282303FB09539A6842F002029A6060
:1036BC00282303FB09539A6842F020029A609B6806
:1036CC00C4F8043363E7D8E90323C4F83C27C4F8EF
:1036DC004037D8E90523C4F80427C4F808374FF459
:1036EC008453C4F80032012323612823022203FBF4
:1036FC000953A8E71AF0200FD8E90323C4F83C2794
:10370C0014BF4FF480724FF40072C4F840374FF07E
:10371C00280315BFC4F80022C4F800224FF48062BD
:10372C00022214BF03FB095303FB09539A600123C4
:10373C00236189E7D8E90323C4F80427C4F80837C0
:10374C004FF48053CDE7374F7FE70B6903B96260C5
:10375C0040F2024B40F22241204602F0F4FF0123DA
:10376C0010F0200F18BF636010EA0B0FF2D07DE74A
:10377C000122226500287FF479AF096931B340F248
:10378C00024B13EA0B0F7FF471AF40F2224120463B
:10379C0002F0D9FF81060346F3D501904FF4804126
:1037AC00204602F0D0FFD4F8002288B112F4007148
:1037BC00019B03D10123236163600B46D205E0D545
:1037CC004FF48061204602F0BEFF04E06260D6E751
:1037DC000123236163600023D3E7282202FB0955F0
:1037EC000022D4F8C434C4F8C43485F824200BB3B4
:1037FC000D4A13F0010F0D4F18BF174613F0020FAF
:10380C0002F1010218BF174613F0040F084B18BF42
:10381C001F46BCE6280600202264F81F0B00AD0BE7
:10382C000000AD0B0400AD0B0000AE0B0100AD0BA6
:10383C000200AE0B1AF0400F7FF4A9AE41462046B1
:10384C0002F03FFF044B002808BF1F469FE6034FC2
:10385C009DE6034F9BE600BF0100AD0B0A00AD0BCC
:10386C000300AD0B70B55B4D022186B0284602F00B
:10387C006AFF20210646284602F065FF564CD8B157
:10388C00E6B9A3684FF48041C5F808330223A3605E
:10389C00A3682846C5F8043302F055FF18B1D5F8D3
:1038AC0000329B0503D401224A4B1A615A60012352
:1038BC0084F8233006B070BD002E57D0E5696E0633
:1038CC000AD494F823303BB94349424802F0F9FE3C
:1038DC0080F0010084F8230015F0040524D13D4B41
:1038EC0094F82520C3F83851D3F83811C3F8345163
:1038FC00D3F8341112B194F8232052B10022C3F83A
:10390C000022A260354AC3F808234022344BC3F886
:10391C009821238CADF80430E36804932369029357
:10392C0063690593A36903932A4AD2F8C4349807B0
:10393C00C2F8C43447D4590747D4DA0747D494F8AB
:10394C0023309B00DBB28DF8003094F825300BB996
:10395C0084F82430E3695B0703D594F82330002BFB
:10396C00A8D0D4E9003168469847A3E74FF48061AA
:10397C00284602F0E8FE94F82030A3B994F82530DC
:10398C004BB94022C5F80032A360144BC5F808337C
:10399C00134BC3F8982100238DF8043094F8213090
:1039AC008DF80530B8E74FF40073C5F800322223C8
:1039BC00A3600A4BC5F80833A368C5F80433012388
:1039CC002B652B6176E70123BDE70223BBE70323BD
:1039DC00B9E700BF00600C50280600202264F81FD5
:1039EC0000E100E0036803F01F025F2B02604FEA66
:1039FC0053129ABF024B53F822000020704700BFAD
:103A0C005C7B0000F7B5064602F0C7FE084602F0E4
:103A1C00C4FE01A80196FFF7E5FF0C4640F60D0128
:103A2C00019B2B4D00EB8300D0F8803001942B4090
:103A3C000B43C0F8803001A8FFF7D4FF019B01278E
:103A4C0000EB8300D0F880302B400B43C0F8803063
:103A5C00042002F068FD092501A80194FFF7C2FFBC
:103A6C00019AC368D340DB0714D401A80196FFF771
:103A7C00B9FF019B013D07FA03F38360042002F0B8
:103A8C0052FD304602F089FE042002F04CFD15F088
:103A9C00FF05E1D101A80194FFF7A4FF0123019ACE
:103AAC0093408360042002F03EFD204602F075FE38
:103ABC00042002F038FD01A80194FFF793FF019A4E
:103ACC00C3680448D34003F00103C01A03B0F0BD2F
:103ADC00F0F0FCFF0100AD0B38B5EFF3118520239E
:103AEC0083F31288BFF36F8F064B9C6802F079FE4C
:103AFC0085F31188BFF36F8F2046BDE83840FDF782
:103B0C00DBB900BF5006002038B50A4B53F82040F3
:103B1C00013053F82050A54200D838BD606830B150
:103B2C00037FDB0701D402F05FFE0834F3E7236860
:103B3C009847FAE7687B0000012270B5294B0320F7
:103B4C0086B01A70FFF7E0FFFCF7BCFF0420FFF70C
:103B5C00DBFF254C254D2646AE4204F1300410D334
:103B6C0000F024FC204C224EAC4226D300F032FC58
:103B7C00FCF716FE1F4A137B23F00103137306B0E8
:103B8C0070BD54F80C3C059354F8103C049354F855
:103B9C00143C039354F8183C029354F81C3C0193C6
:103BAC0054F8203C009354E90A2354E90C0100F02A
:103BBC00F1F954F8303C5E65CDE7D4E90A23B3F152
:103BCC00FF3F08BFB2F1FF3F05D052EA0301206866
:103BDC0003D100F0E9FC3034C6E73146183000F070
:103BEC009FFEF8E7910C00204C7900004C79000006
:103BFC004D6900007802002008B50348034A0021F3
:103C0C00121A02F008FE08BDA8010020940C002036
:103C1C00C02370B5144E86B003FB0066134B012213
:103C2C0005930F23CDE903320023CDE9013314238F
:103C3C004FF4A0720E4D0F4903FB0055044602FBD6
:103C4C0000110D4B3046009500F0A4F9737B2C74D9
:103C5C0023F004037373094B013403EBC423EE60AC
:103C6C006B6006B070BD00BFB8010020AA8F0000C9
:103C7C0050060020981400202B680000980C00209F
:103C8C00BFB50020FFF740FF294B03F5006282F31C
:103C9C00088883F30A880024E023264D264F85F8F4
:103CAC002230EC772C766C76AC7685F820406B6AFB
:103CBC0043F4E0236B6285F82340FDF777F8FDF7BA
:103CCC00FDF94FF0FF33AB62EB62FDF787FBFDF7BD
:103CDC001DFA1A4800F0C6F902F06FFD0120FFF73B
:103CEC0013FF0220164DFFF70FFF00F0A7FB154B3B
:103CFC0015495D61154B4FF48062059301232846ED
:103D0C00CDE90343CDE901443B46009400F042F970
:103D1C0006466A7B284622F004026A7302F0DEFD36
:103D2C002046FFF775FF3A4631462846FDF7A4F9C1
:103D3C00980C002000ED00E0453B0000380300200B
:103D4C007802002050060020D8150020AF8F00000C
:103D5C002DE9F341044617461E46EFF31188202344
:103D6C0083F31288BFF36F8FC368334A7BB18068CB
:103D7C009168884219D057EA060318D188F3118844
:103D8C00BFF36F8F6FF00F0002B0BDE8F081916848
:103D9C0091F90E100133E36093682161A36088F3FD
:103DAC001188BFF36F8F0020EEE72169F2E791F9DC
:103DBC000E1090F90E306FF07E029942A8BF194692
:103DCC009142B8BF11468B422DDD02F033FD054602
:103DDC0022464146CDE90076184800F02DFA00281D
:103DEC00E1D0EFF31186202383F31288BFF36F8F9A
:103DFC00A068D0B1236821699C420AD04BB193F9D9
:103E0C000E309942A8BF19466FF07E039942B8BF95
:103E1C00194602F00FFD40B13146084800F0A0FAF7
:103E2C006FF00A00B0E70025D2E7002DF4D186F33D
:103E3C001188BFF36F8FF3E750060020920C00201F
:103E4C00F8B583680546002B40D0234A926893420C
:103E5C003FD1C368012B03D9013BC3600020F8BDDF
:103E6C00EFF31187202383F31288BFF36F8F01695F
:103E7C00806802F0DFFC2C68A54207D10023C5E95D
:103E8C00023387F31188BFF36F8FE7E7002CF5D06F
:103E9C00D4E90032002613605A60637BC4E90066E3
:103EAC0023F002036373A66004F1180002F085FD91
:103EBC00AC6094F90E3020462B61C4F8BC6002F063
:103ECC000DFD3946054800F04BFAC7E76FF01500B9
:103EDC00C5E74FF0FF30C2E750060020920C0020DF
:103EEC0070B5EFF31186202383F31288BFF36F8F25
:103EFC000468A0421BD0D4B1D4E900320025136071
:103F0C005A60637BC4E9005523F002036373A56018
:103F1C0004F1180002F051FD2046C4F8BC5002F028
:103F2C00DDFC3146BDE87040064800F019BAD0E916
:103F3C0002329A4218BF0133836086F31188BFF3B3
:103F4C006F8F70BD920C002013B5EFF311812024FC
:103F5C0084F31288BFF36F8F846844B1013C846092
:103F6C0081F31188BFF36F8F002002B010BD52EAAD
:103F7C00030406D181F31188BFF36F8F6FF00F002C
:103F8C00F3E7CDE900230246014800F055F9ECE7D0
:103F9C00920C00202DE9F04F984685B000F15803A3
:103FAC00C0E91633129B002503730423D61D26F09B
:103FBC0007064373119B01EB060A0F46C0E9065531
:103FCC00514685608373C5730446DDF838B0DDF85F
:103FDC004C90FCF789FD109B073020F00700C4E9DA
:103FEC002976C4F8AC0002930F9BAAEB0006CDE92E
:103FFC0000B33246434639462046FDF721F80F9B65
:10400C00C4E91C8BA367109B656584F86C50E3674F
:10401C00EFF31183202282F31288BFF36F8F104FBE
:10402C003A6A3C62C4F8802083F31188BFF36F8F27
:10403C00B9F1000F11D01F22494604F1840002F09F
:10404C0052FF84F8A350BB680BB1D3F8B0303046A4
:10405C00C4F8B03005B0BDE8F08F84F88490F2E776
:10406C005006002040F2011383810023C0E929335C
:10407C00C0F8B030014B9860704700BF500600206C
:10408C006FF00A01094A9368C3F8BC100849C3F8D9
:10409C00B8004B6843F080534B60002383F31188C6
:1040AC00BFF36F8F9368D3F8BC00704750060020A5
:1040BC0000ED00E070B590F90D20437B002A36DB53
:1040CC00D90634D11B4C63F07F032246437352F85C
:1040DC00183FE169934207D1C0E900210860E06113
:1040EC0011E09942F8D01B68002BF5D090F90E50D6
:1040FC0093F90E60B542F4D0AE42F2DD5968C0E9D6
:10410C00003108605860A569954200D005B9E56892
:10411C00A3685A7BD20604D1DA897F2A01D9AA690D
:10412C0032B1AB4202D0284600F036FB656170BD5F
:10413C006361FCE75006002038B590F90D2001466C
:10414C00002A437B04DA03F07F03437302F08CFBF9
:10415C000D4D2A4652F8184FAB68944200D004B962
:10416C00EC688B4207D05A7BD20604D1DA897F2ABD
:10417C0001D9A2692AB1A34202D0204600F00CFB5F
:10418C0023466B6138BD00BF50060020B3F1FF3FE2
:10419C0008BFB2F1FF3F03D00249183000F0C0BB9A
:1041AC00704700BF4D69000070B590F90D200146B5
:1041BC00002A437B04DA03F07F03437302F054FBC1
:1041CC001C4C4B7B224663F07F034B7352F8183F19
:1041DC00E069934207D1C1E900200160E16111E07F
:1041EC009842F8D01B68002BF5D091F90E5093F93A
:1041FC000E60B542F4D0AE42F2DD5868C1E9003031
:10420C0001605960A569A368954200D005B9E568BD
:10421C008B4207D05A7BD20604D1DA897F2A01D986
:10422C00AA692AB1AB4202D0284600F0B5FA2B4657
:10423C00636170BD50060020F8B5DDE906670D4BD3
:10424C000C46986811460C4A1060EFF3118220223C
:10425C0082F31288BFF36F8F9D68284602F016FB1D
:10426C00284632463B46FFF791FF2046BDE8F84012
:10427C00FFF706BF5006002074060020F8B5044670
:10428C00EFF31187202383F31288BFF36F8F437BE7
:10429C0049B203F01F02002A0CBF0126002639D1B7
:1042AC0003F07F032D4D437302F0DEFA2A46437B65
:1042BC00817363F07F03437352F8183F934227D105
:1042CC00E869C4E900200460EC610FE09842F8D082
:1042DC001B68002BF5D093F90EC06145F6D08C45C8
:1042EC00F4DD5968C4E900310C605C60AC6994423F
:1042FC0000D004B9EC68AB689C4202D0204600F0B8
:10430C004BFA6C6187F31188BFF36F8F3046F8BDA1
:10431C00E869DEE79B071ED5856802F0A5FA817374
:10432C002B689D4209D16B68C4E900531C606C601A
:10433C00E8E76A689342F6D01B68002BF3D093F938
:10434C000E209142F5D08A42F3DD5A68C4E900325E
:10435C0014605C60D6E78173D4E700BF5006002080
:10436C0049B9EFF3058030B9054B5A699B689A42FD
:10437C0001D0FFF785BE81F31188BFF36F8F7047B3
:10438C0050060020034648B9EFF3058232B9064ABD
:10439C0051699268914201D0FFF772BE83F3118884
:1043AC00BFF36F8F704700BF50060020EFF31181F1
:1043BC00202383F31288BFF36F8F054B9A68D37B4E
:1043CC00013BD37381F31188BFF36F8F704700BF2C
:1043DC005006002070B5EFF31186202383F312886A
:1043EC00BFF36F8F144DAB68DA7B0132DA732A4658
:1043FC0052F8184F944200D004B9EC685A7BD2069C
:10440C0004D1DA897F2A01D9A2692AB1A34202D048
:10441C00204600F0C1F923466B6186F31188BFF387
:10442C006F8FEFF31180202383F31288BFF36F8F0C
:10443C00BDE87040FFF7A6BF50060020024B03F109
:10444C001802C3E9062270475006002070B5EFF33E
:10445C001186202383F31288BFF36F8F1B4CA16846
:10446C00E0690B68814214BF1A46002249680B6050
:10447C005960A368E1692AB9154AC3E900210B60A8
:10448C00E3610CE093F90E0092F90E50A84218D09B
:10449C00854216DD5168C3E900210B605360A569A4
:1044AC000B4B9D4200D005B9E568A3689D4202D034
:1044BC00284600F071F965613046BDE87040FFF7A1
:1044CC00DFBD8A42D8D01268D5E700BF5006002065
:1044DC0068060020F8B550EA010306460C4603D1E5
:1044EC00FFF7B4FF0020F8BDEFF31187202383F30F
:1044FC001288BFF36F8F124D124BA8681860FFF72C
:10450C001BFEA868234632460F49183000F008FA03
:10451C00AA680446537B384643F004035373FFF7F1
:10452C00AFFDAB68D3E90A23B3F1004F08BF002AF3
:10453C00D8D102F06AFA201A20EAE070D3E700BF63
:10454C0050060020740600204D69000038B5044662
:10455C000D46FFF7BFFFB5F1FF3F08BFB4F1FF3FBA
:10456C000246204618D000234FF47A7447F61120E7
:10457C001946C2FB040147F61222904271F1000267
:10458C000BD3084B834243F608538B4107D347F6B2
:10459C0012220023FBF76CFF38BD1846FCE76FF0C6
:1045AC000040F9E7ED85FFFF38B50446EFF31185C0
:1045BC00202383F31288BFF36F8F437B5B070FD5E8
:1045CC00183002F0FAF9637B204623F0040363737E
:1045DC00FFF770FD2946BDE838400448FFF7C0BE20
:1045EC0085F31188BFF36F8F38BD00BF920C00208C
:1045FC00014B9868704700BF500600202DE9F84326
:10460C000446077BEFF31185202383F31288BFF355
:10461C006F8F437B190705D585F31188BFF36F8F17
:10462C00BDE8F883D90943F008025DD14273A36851
:10463C0013B1204602F020F904F1180002F0BDF984
:10464C00A66D04F15808B04511D04FF0000976B1B1
:10465C00304602F011F906F1180002F0AEF93046BE
:10466C00C6F8BC90FFF726FDA66DB045EFD1DFF87C
:10467C00C080D8F808309C423ED1EFF30589B9F1DF
:10468C00000918BF4FF00109D8F81860294A964262
:10469C0000D00EB9D8F80C60B34202D0304600F00E
:1046AC007BF82046C8F8146000F0CEF8B9F1000F82
:1046BC0002D02148FFF7D6FCD8F808309C4231D103
:1046CC00EFF3058373BB227BD20718D42846FFF780
:1046DC00D7FCFB07A4D5002383F31188BFF36F8F9E
:1046EC000423184602DF9BE703F07F0343F0080323
:1046FC00437302F0B9F89AE74FF00009C4E785F369
:10470C001188BFF36F8F83F31188BFF36F8F04236E
:10471C00184602DFEFF31180202383F31288BFF3D6
:10472C006F8FD4E785F31188BFF36F8FD1E700BF8C
:10473C005006002068060020380300200122044B9C
:10474C00C01A044BC0105843034B1A54704700BF97
:10475C00F8030020ABAAAAAA920C0020C3897F2BD5
:10476C0012D80A4B1B6863B1094B90F90E201B68D9
:10477C009A4209DB437BDB0606D1064BC31A18BFF2
:10478C00012303F0010070470023FAE7EC0000203E
:10479C0078060020B801002070B50E4B0E4C1E7C24
:1047AC00054606EB460304EBC304204602F005F96C
:1047BC0000220A4B28469A55FFF7D0FF48B1084B08
:1047CC002046BDE870401A680649013AD31700F03C
:1047DC00A7B870BD50060020F8030020920C0020F2
:1047EC00EC0000204947000038B5EFF31185202379
:1047FC0083F31288BFF36F8F104B114A9C681068BB
:10480C00A04206D1FFF7C8FF85F31188BFF36F8F65
:10481C0038BD00211B7C11600A4AD35C002BF3D0FD
:10482C002046FFF79BFF0028EED0637BDB0602D10E
:10483C002046FFF7B9FC2046E4E700BF50060020F5
:10484C0074060020920C0020EFF31181202383F3D7
:10485C001288BFF36F8F0C4A136A834208D1D3F8C6
:10486C008030136281F31188BFF36F8F704713464A
:10487C00002BF7D0D3F880208242F8D1D0F88020DA
:10488C00C3F88020EEE700BF50060020074808B5AB
:10489C00074A0849121A01F0C0FFBDE80840064853
:1048AC00064A0749121A01F0B8BF00BF40000020A9
:1048BC00A8010020C48F0000400000204000002010
:1048CC00C48F0000024B1868984208BF0020704744
:1048DC00F0000020034B1B680BB9FDF705BC002052
:1048EC00704700BF7C06002030B570B10B4B5B6885
:1048FC0098420AD0036843B1D3E90421D0E90445B6
:10490C00121941EB0501C3E90421D0E9003213600F
:10491C005A600023C0E9003330BD00BFF000002016
:10492C00B3F1FF3F08BFB2F1FF3F2DE9F84F04464A
:10493C00994615461F467BD08160EFF311882023E2
:10494C0083F31288BFF36F8F013279F1FF33DFF8F5
:10495C00E8A020DBFFF7BEFFDAE90027013549F1BB
:10496C0000092D1849EBE07306464FF00109C4E924
:10497C000453AD1843EB0707FFF7A4FF0346DFF81A
:10498C00BCE0DEF804A0EBB9C4E900EACAF80040C8
:10499C00CEF8044028E06FF00103DAE900125B1A4C
:1049AC004FF0FF3161EB02025B1B62EB0902012B42
:1049BC0072F10001BCBF012300224FF00009C0E9D5
:1049CC000432D9E7D3E9041CD4E904208A4270EB01
:1049DC000C0B24DA891A5A686CEB0000C3E904103A
:1049EC00C4E9003214605C60FFF76CFF84420ED1A6
:1049FC00134B1B685BB9B9F1000F02D1FFF76AFFCB
:104A0C000646304601F0C2FF0021FDF77DFB88F31E
:104A1C001188BFF36F8F28463946BDE8F88F521ABC
:104A2C0060EB0C009A45C4E90420ADD01B68AAE7E2
:104A3C0000252F46EFE700BF10040020F0000020F7
:104A4C007C0600202DE9F047EFF31185202383F33A
:104A5C001288BFF36F8FDFF8A0900026C9F8000012
:104A6C000027FFF72FFFDFF89480D9F80030D8E942
:104A7C0000ECD91750B1D0E90442A34271EB020A01
:104A8C001BDAE41A62EB0102C0E90442002413EBC6
:104A9C000E034CEB01012046C8E90031C9F8004077
:104AAC0001F074FF2146FDF72FFB85F31188BFF34E
:104ABC006F8FBDE8F047FFF797BE14EB0E024CEB7F
:104ACC00E473C0E90467C8E90023FFF70DFF85F321
:104ADC001188BFF36F8F83689847EFF311852023FC
:104AEC0083F31288BFF36F8FD9F800301B1BC9F802
:104AFC000030FFF7E7FEB8E77C060020100400202A
:104B0C0010B5EFF31184202383F31288BFF36F8F5A
:104B1C00FFF7E0FE0346054AD2E90001181841EB05
:104B2C00E37184F31188BFF36F8F10BD1004002064
:104B3C00F8B50D4E0D4C0E4D33680E4898476778FE
:104B4C002B680C48984733680B489847022F08D1BC
:104B5C002478E31F5C425C412B6807489847204649
:104B6C00F8BD0024F8E700BF1C01002080060020DF
:104B7C00180100207C0100206801002070B51D4E3A
:104B8C001D4C33681D4898472378590744BF23F0C0
:104B9C000403237023789A0705D500F0C1F8237815
:104BAC0023F002032370164D14482B689847336882
:104BBC0014489847637813B1134801F057FF00234A
:104BCC0004211148637000F0CBF82B680D4898470E
:104BDC0033680A4898472378DB0705D501F043FF73
:104BEC00237823F0010323702B680448BDE8704040
:104BFC00184700BF1C01002080060020680100201F
:104C0C00180100207C010020840600202DE9F041D1
:104C1C00FFF78EFF18B100242046BDE8F081364F17
:104C2C0036483B689847044620B16FF08F04FFF775
:104C3C00A5FFF1E7324D2B78D80706D401F011FF10
:104C4C0004462B7843F001032B702E4E2B4833680F
:104C5C00984710B1002CE8D0E9E7002CE7D13B686D
:104C6C002648984704460028DFD12B78990706D4AC
:104C7C0000F04EF804462B7843F002032B70336897
:104C8C001E4898470028E5D1002CD0D13B681B4822
:104C9C0098470028C9D13368184895F80080984780
:104CAC000028C2D13B681848984704460028BCD15C
:104CBC006B7843B918F0010F05D0144801F0D4FEFD
:104CCC00022304466B7033680F4898470028C1D103
:104CDC00002CACD13B68094898470028A5D12B780B
:104CEC0006485A075CBF43F004032B70336898479F
:104CFC00002890D099E700BF1C010020680100201B
:104D0C0080060020180100207C0100208406002071
:104D1C000122024B002083F8802570478806002072
:104D2C002DE9F0410A4C002526464FF001080327D7
:104D3C002046C4F820802777013501F075FE202D20
:104D4C0004F12C04F4D1002386F88035BDE8F08101
:104D5C0088060020014B1B68184700BFF800002094
:104D6C0010B50A46044619B1024B00211B6898473E
:104D7C0010BD00BFFC00002010B50C4C206802F0E8
:104D8C0019F80B4A1368591C11604BB9094A482091
:104D9C00D2F8003443F00703C2F80034FCF7E8F80B
:104DAC002068BDE8104002F00BB800BF04010020E1
:104DBC000C0C00200080045038B5164D286801F00A
:104DCC00F9FF154B1C68013C1C60ECB94820FCF742
:104DDC00DDF80722114BC3F80823D3F8002422F086
:104DEC000702C3F80024C3F80041D3F80021C3F82C
:104DFC000441D3F804214FF48072C3F80841D3F86E
:104E0C000831074BC3F888212868BDE8384001F009
:104E1C00D7BF00BF040100200C0C00200080045000
:104E2C0000E100E070B5114D114E2B68B3421BD060
:104E3C00FFF7A2FF00F08CFA0E4A0F4B0F4952F805
:104E4C00040B43F8040B8B42F9D100F0BFFA40B1CC
:104E5C0001F019FE0446FFF7AFFF04B92E6020469F
:104E6C0070BD00F0C1F9F5E70024F8E7000100205F
:104E7C0011736500807B000000C080511CD38051F1
:104E8C000022074BC3F81021C3F80C21C3F80021F2
:104E9C00C3F80421C3F80821C3F81421704700BFDC
:104EAC000050045008B5FFF7EBFF01230360104BD3
:104EBC000A6832B9D3F80C211AB9D3F80821002AA0
:104ECC00F6D00B687BB90B4B99420ED0A3F58473CB
:104EDC00D3F80831002B0CBF4FF0FF306FF00200FD
:104EEC00FFF7CEFF08BD0020FAE74FF0FF30F7E7E1
:104EFC00005004500851045038B505460C4691B189
:104F0C000021012001F0DAFB08480949C0F80055DE
:104F1C00C0F80445FFF7C6FF00210446084601F01F
:104F2C00CDFB204638BD6FF00104FAE70050045069
:104F3C000051045010B504460021012001F0BEFBC5
:104F4C00064B0749C3F800450648FFF7ABFF0021A5
:104F5C000446084601F0B2FB204610BD0050045038
:104F6C00085104500850045038B50C4659B1074D3F
:104F7C000749C5F800050748FFF794FF10B9D5F8A5
:104F8C000835236038BD6FF00100FBE7005004507A
:104F9C00105104500C5004502DE9F04F89B00646C6
:104FAC000F4690461D4601F026FE044678B97369FB
:104FBC000090C3F3013262F305148DF8004014F035
:104FCC00300408D1B168890710D06FF086042046F0
:104FDC0009B0BDE8F08F102C08D1BDF8023023F4D5
:104FEC00F87343F4A873ADF802304EE0DBB2F82B43
:104FFC0002D06FF08504EAE700234FF0010B9E46C8
:10500C0019461846D6F808C0DFF8CC9159F804AB0D
:10501C001CEA0A0F08D00BFA00F343EA0E0303F064
:10502C007F0E012341EA0A0101300728EED12BB192
:10503C009DF803306EF347038DF803303CEA010111
:10504C00D7D17388FF2B35D005D8802B34D0C02B0B
:10505C00CFD1022303E0B3F5807FCAD104239DF89E
:10506C00021063F306118DF8021014B91CF0030F33
:10507C00ABD13379022B2BD020D8012BA5D1BDF885
:10508C00021063F3C811ADF80210012A6FD0032A85
:10509C0023D0002A99D13388B3F5105FA9D1182DEC
:1050AC006DD0202D70D0102D8FD1DFF830A10125BF
:1050BC001F261AE00323D2E70123D0E7032B01D0EC
:1050CC00FF2B82D10221BDF8023061F3C8138AE7AD
:1050DC00BDF8023043F4C07385E7412D3DD1042562
:1050EC004F26DFF8FCA008F101080024381901F064
:1050FC0056FD00286CD00134AC42F7D11F2E07D0DE
:10510C002946384601F05FFD044600287FF45FAF66
:10511C00009B4FF0FF39079300239B46CDF818A056
:10512C00BDF802204344C2F3C112059201AC03F155
:10513C00100C224618685968083303C2634514469C
:10514C00F7D101A907EB0B00FFF7D6FE044630B3ED
:10515C0001F051FD6FF0920439E7182D19D0202D74
:10516C001AD0102D7FF431AFDFF874A09FE7302DEB
:10517C007FF42BAF03253F26DFF868A0B5E7DFF8F7
:10518C005CA002252726B0E7DFF850A002252F26C9
:10519C00ABE7DFF84CA0F4E7DFF844A0F6E71C21FE
:1051AC0001A80BF1010B01F0EEFCAB4506D00AEBAC
:1051BC000B12CDE906294FEA0B13B1E71F2E3FF472
:1051CC0006AFFA20FFF7B6FE00283FF400AFC1E7A8
:1051DC006FF08A04FBE600BF9C8E000040008151FA
:1051EC00000000201084045010B590B01C22002147
:1051FC0001A801F070FEF82001F0D1FC08B32022C8
:10520C0000200DEB020100F089F90446F8B901A861
:10521C004FF4807101F0CDFC0E4B0F4904930F4BF2
:10522C00CDE901130E4BF821069320230DEB03025D
:10523C00FFF7B2FE202104460DEB010001F0A3FCA8
:10524C0005E0F92001F0ABFC0028D8D1044620463B
:10525C0010B010BD0010C00400240001014B4E80A2
:10526C00F800FF7F10B50446FFF786FD104B186859
:10527C0001F0A0FD0CB101232370BFF35F8F4FF041
:10528C00A3430022DA61BFF35F8FBFF35F8F4FF050
:10529C00FF321A63BFF35F8FBFF35F8F3422DA6183
:1052AC00BFF35F8F0122034BC3F8042310BD00BF73
:1052BC00080100200080045010B5044638B9FFF7EF
:1052CC007BFDBDE81040074B186801F079BD0378F1
:1052DC003BB1FFF771FD034B186801F071FD002322
:1052EC00237010BD0801002038B5164CD4F80051BD
:1052FC00C5B1BFF35F8F4FF0A343996ABFF35F8FC4
:10530C00BFF35F8F4FF0FF321A63BFF35F8F002341
:10531C00C4F80031D4F800310B4B1868BDE83840A4
:10532C0001F061BDD4F8083153B100F06DF801F013
:10533C0085FCC4F80851D4F808310121034BECE783
:10534C0038BD00BF00800450100100200C0100206B
:10535C0008B5074B186801F035FD064B186801F0CD
:10536C0031FDBDE80840002248201146FBF730BE55
:10537C00100100200C01002038B5094B1C7864B1D9
:10538C00084B4FF0FF311D68284601F01DFD4FF012
:10539C00FF310446284601F024FD204638BD00BFED
:1053AC00910C00201001002010B5064C236D3BB968
:1053BC00214651F8503B986901F04DFC01232365BF
:1053CC00014810BD100C0020600C002038B50024E2
:1053DC000B4D0C4BEC662B6003F5C0436B60FFF779
:1053EC00E3FF50B16B6D2046B3F5007FCCBF4FF49B
:1053FC0080634FF40073AB6038BD0E20FCE700BF38
:10540C00100C00200020805100487047100C002028
:10541C004FF480732DE9F04796B0804603A80393B0
:10542C00002401F043FC4FF010091E4E0DF12F0526
:10543C0025F01F0506F1200A012210211A4801F05F
:10544C008DFB2B1900935246102320211548CDF8C3
:10545C00049000F0EBF80746F8B9D6E90C3210349A
:10546C00013342F10002302CC6E90C32E4D1B8F120
:10547C00000F04D022464146284601F062FB2E461E
:10548C00084C0FCE0FC496E80F00203584E80F00AF
:10549C0095E80F00103484E80F00384616B0BDE8CC
:1054AC00F08700BF1804002038040020F0B5184D18
:1054BC00184FAB6B8DB0BB4228D0174E306801F043
:1054CC0079FC402300221946284601F051FB68461E
:1054DC0001F0F9FB044678B96846FFF799FF0446DA
:1054EC0090B9302302461946684601F041FB01226F
:1054FC000023C5E90C23AF63306801F061FC204642
:10550C0001F0C1FA0DB0F0BD0E24F5E70020F9E76B
:10551C0018040020B4A5B4A5140100202DE9F04F07
:10552C0099B00DF1570802F10F0982460E46144648
:10553C0028F01F084FEA191922B100296CD0B2F5D6
:10554C00803F69D8364F374D386801F033FCD5E9C8
:10555C000C3213430BD15046FFF7A8FF834630B1F2
:10556C00386801F02DFC584619B0BDE8F08FD5E92C
:10557C000C2319EB020243F10003B3F5803F13D364
:10558C0002A801F0A0FBE8B902A8FFF741FF83468F
:10559C000028E5D130230246194602A801F0E8FAAA
:1055AC0000220023C5E90C234FF4807302A8029358
:1055BC0001F07CFBDFF870A03CB92046FFF728FF18
:1055CC008346CDE76FF0920BCAE7102C4FF0010227
:1055DC004FF010015046A14628BF4FF0100901F0C2
:1055EC00BDFA102352462021CDE900830D4800F06E
:1055FC001DF883460028B3D14A463046414601F097
:10560C005DFCD5E90C32013342F10002C5E90C32E4
:10561C00A4EB09044E44CFE76FF0860BA3E700BF61
:10562C0014010020180400203804002010B543F0A9
:10563C00005392B0109321234FF480740E920122E8
:10564C001193149B01940293159B01AC41F00051F2
:10565C0006940C91112440F6110143F00053CDE94E
:10566C0003232023DFF864C00A90CDE908C40D9110
:10567C0000200EA90AAC07940B910F920593FFF72B
:10568C00F1FDBFF35F8F4FF0A34306AA1A60BFF37F
:10569C005F8FBFF35F8F02AA1A61BFF35F8FBFF3F7
:1056AC005F8F03225A63BFF35F8FBFF35F8F9A63E1
:1056BC00BFF35F8F01F045FB431C0446FAD000207A
:1056CC00FFF7FAFD204612B010BD00BF0400002009
:1056DC00BFF35F8F094A1368BFF35F8F43F4807188
:1056EC00BFF35F8F1160BFF35F8F23F48073BFF341
:1056FC005F8F1360BFF35F8F704700BF0010805146
:10570C0008B5FFF7E5FFBFF35F8F064A1368BFF3D9
:10571C005F8F43F00103BFF35F8F1360BFF35F8FA5
:10572C0008BD00BF0010805170B50026C0E90066AE
:10573C0005460C46FFF720FB01232B70FFF7C8FF33
:10574C00BFF35F8F204BDB68BFF35F8F9B08013B80
:10575C00ACB3226842B19A4205D9FFF72DFB6FF02A
:10576C003F002E7070BD1346D4E90115E068002986
:10577C0008BF4FF40071002808BFF1202469BFF363
:10578C005F8F114A9360BFF35F8FBFF35F8F156418
:10579C00BFF35F8FBFF35F8F5064BFF35F8FBFF3B7
:1057AC005F8F5163BFF35F8F44F4802444F0010496
:1057BC00BFF35F8F1460BFF35F8F0020D2E74FF40D
:1057CC000071F1202546DAE70010805170B503789E
:1057DC000D461446002B53D0BFF35F8F2D4A136B2D
:1057EC00BFF35F8F5908C3F34203052B4BD011F065
:1057FC00060F02D14FF0FF3070BD4368D3B9BFF331
:10580C005F8F5368BFF35F8F032BF3D9224B234970
:10581C00BFF35F8FD2F88060BFF35F8FBFF35F8FF2
:10582C0043F8046BBFF35F8F8B42F1D1FFF768FF36
:10583C0001234360BFF35F8F164B9A68BFF35F8FF2
:10584C000132B4EB021F21D8BFF35F8F5A68BFF34C
:10585C005F8FB4EB820FCDD884B1BFF35F8FD3F8D9
:10586C008020BFF35F8F291D05F8012B8D424FEA75
:10587C00122204F1FF34EFD0002CF5D10020BBE74D
:10588C006FF02000B8E76FF05100B5E76FF03F0004
:10589C00B2E700BF001080511010805120108051D1
:1058AC002DE9F743002600F10C080096EFF311895F
:1058BC00202484F31288BFF36F8F8568694005EA52
:1058CC0002070A4055400C496A468560019501F073
:1058DC003BF8009C44B12046C4F8BC6065660021CE
:1058EC00246E01F00AF8F5E740464946FEF738FD0C
:1058FC00384603B0BDE8F083796E00002DE9F04F17
:10590C0043688DB015468046029383789A0740F120
:10591C000D8100240E78002E00F00A81252E0BD06C
:10592C004B1C0393013441463046029B9847002898
:10593C00C0F2F6800399EDE74E788B1C252E03936D
:10594C00F0D00027B946BB46BBF11F0F38D8A6F1E3
:10595C002003102B0AD8DFE803F02A0909300909C3
:10596C00092109090928092D09091F00A6F130038D
:10597C00092B33D92A2E37D11BF0400F55F8043B95
:10598C0040F08280002BA7BF4BF0200B9946C3F14F
:10599C0000094BF0280B01E04BF0010B039B13F8B3
:1059AC00016B0393002ECFD130E04BF0020B4BF088
:1059BC00040BF3E74BF0080BF0E74BF0100BEDE7A3
:1059CC00BBF17F0F19D8A6F13003092BD2D81BF0ED
:1059DC00400F03D00A2101FB0737DFE70A214BF008
:1059EC00200B01FB0939D9E72E2E06D11BF0400FF5
:1059FC0040F09E804BF0400BD0E76C2E31D02BD872
:105A0C00682E36D06A2E3CD04C2E3AD0002F46F061
:105A1C002003B8BF2BF04002A3F16501BCBF0027E7
:105A2C001FFA82FB022901D9612B2FD107350727D9
:105A3C00DFF8ACA225F0070508351BF0080F66D07F
:105A4C000AEB070B56465E4563D1A4EB0A0AA9EB99
:105A5C00070906EB0A026FE1742E9FD07A2E9DD0B7
:105A6C00D4E71BF0800F18BF4BF4007B4BF0800B7E
:105A7C0094E71BF4807F18BF4BF4007B4BF4807BC6
:105A8C008CE74BF4207B89E71F4687E7A6F163017F
:105A9C00122900F2F080DFE811F013004F00EE0045
:105AAC00EE00EE00EE004F00EE00EE00EE00EE0019
:105ABC00EE00FE00E900EE00EE001B00EE00AF0071
:105ACC0055F8043B01270DF1180A8DF81830B4E78E
:105ADC0055F804AB834BBAF1000F08BF9A461BF084
:105AEC00400F504614BF39464FF0FF3101F00BFA0E
:105AFC000746A2E741462020029B984700280FDB6F
:105B0C00013EB742F6D34C44B146A41B98E74E462F
:105B1C00F7E7414616F8010B029B9847002892DAEA
:105B2C0098F8023043F0040388F802304FF0FF3449
:105B3C0020460DB0BDE8F08F1BF0800F34D01BF465
:105B4C00007F2CD0073525F00705AA4669685AF85E
:105B5C00080B2BF010050029ADB237DA404245F4A2
:105B6C00806561EB41010DF1180B0A235A4601F0D7
:105B7C00D6F9A0EB0B0301936B0662D5019B25F0C4
:105B8C0001019F4289B240F3A180002E00F0998060
:105B9C0015F0100240F09C80BB460D4623E0AA464F
:105BAC005AF8040BC117D4E7AA461BF4807F5AF8A5
:105BBC00041B01D10846F5E71BF4007F19BF48B25E
:105BCC0041F3C01108B241F3C031C2E750EA0103FE
:105BDC00C9D11BF0400FC6D0002FC4D12BF011023D
:105BEC00BB46019795B240F2064115EA01021CBF73
:105BFC000BF1010B00222CE02BF010020A231FFAF0
:105C0C0082FB1BF0800C49D01BF4007115BF0735CB
:105C1C00AA4625F007055AF8040B1EBFAA46696868
:105C2C005AF8080B50EA010545D12BF016051BF06C
:105C3C00400FADB242D0002F40D12BF0170201978C
:105C4C0095B215F0100248D0019B002E42D103F101
:105C5C00010B29075AD4EB0706D5D9456FDDA9EB03
:105C6C000B030199CB465F185B4649E04BF0100BD8
:105C7C0010237826C5E7782B04D1C6F1780343F0BE
:105C8C001003BEE741462520029B98470028FFF6EB
:105C9C0047AF023447E608230026B2E7AA461BF4B6
:105CAC0080715AF8040BBDD01BF400711ABFC0B23E
:105CBC00614680B2B6E72BF0060295B20DF1180BD7
:105CCC0054E725F01105BB46ADB28CE70D46B8E79D
:105CDC003B460D4603F1020BBBE7DDF804B082E74F
:105CEC00BB8F0000B48F0000CDE904324146202068
:105CFC00029B98470028FFF613AF049B059A0133CB
:105D0C009945F1DCA4EB0B019B46CC180AB3414638
:105D1C003020029B98470028FFF602AF8EB9013461
:105D2C002744391B019B994224DC1D4655BB019A23
:105D3C00A9EB0B09554622441446914433E0019FCC
:105D4C0092E7023441463046029B98470028E7DA36
:105D5C00E6E640F206410D42E2D015F0020F04F1E6
:105D6C000104414614BF2B20202015F4806F18BF6E
:105D7C002D20E9E741463020029B0134984700284A
:105D8C00CFDACDE606AB013D4146585D029B984704
:105D9C000028CBDAC4E641462020029B0134984708
:105DAC000028FFF6BDAEA9EB0403002BF3DCC1E524
:105DBC00704703460A4619790123006803FA01F17A
:105DCC0003691B68194218BF82F0010212B1836883
:105DDC00DB68184783681B69FBE7034670B41979C5
:105DEC00DB88006843F400320124056913F0010FCD
:105DFC002B6804FA01F4866814BF2343A3432B6079
:105E0C00336870BC1847836800EBC101B3F5004FD1
:105E1C002CBF51F8220031F81200704700EBC10181
:105E2C008068B0F5004F2CBF41F8223021F81230B9
:105E3C007047012208B5FFF7E6FFD04008BD836824
:105E4C0000EBC101B3F5004F08D34B681AB143F016
:105E5C0001034B60704723F00103FAE74B881AB13A
:105E6C0043F001034B80704723F00103FAE7530022
:105E7C000122FFF7D3BFB0F5004F34BF0423082332
:105E8C00481C0833A0EBD300B0FA80F0C0F11F001F
:105E9C0070472DE9F0410D4686680446FFF7C9FFAF
:105EAC00B6F5004F014601D3012832D03046FFF73A
:105EBC00E2FF04EB80010E6996B90122E36882408F
:105ECC001343E36002220D612B4629462046FFF75F
:105EDC00A5FF032229462046BDE8F041FFF79EBFEF
:105EEC00022231462046FFF78EFF0746034629461D
:105EFC002046FFF793FF0322334629462046FFF73F
:105F0C008DFF39462B462046FFF788FF022231468B
:105F1C00E1E7BDE8F081B2F5802F2CBF0823042304
:105F2C002DE9F0410026D21A8C18CD1D25F007055D
:105F3C0024F00704641BE408056021462046AC608D
:105F4C00EE60FFF798FF421D9200013002F1070747
:105F5C004FEAD7073146A2F1100205F11000B8BF85
:105F6C00324600F0B8FF3A4631462846FFF77FFF2D
:105F7C003346324631462846FFF750FFA4EB07085C
:105F8C00284631460122FFF75AFF42463946FFF7B1
:105F9C006EFF3B46324639462846FFF73FFF214607
:105FAC002846FFF764FF4346324621462846FFF752
:105FBC0035FF214628460122FFF741FF3946BDE84F
:105FCC00F041FFF766BF002070470FB407B504A976
:105FDC0051F8040B0191FAF72FFC03B05DF804EBB8
:105FEC0004B07047038B13F0070305D10368002B33
:105FFC000CBF002003207047022B05D1408BB0FA58
:10600C0080F0400980007047012B05D10368002BFC
:10601C000CBF0020052070470020704710B50C46BF
:10602C0000B111B96FF0150010BD081D00F093F808
:10603C000028F9D1A368032BF6D9F3E72DE9F04139
:10604C000D4607461946281D90461E4600F094F84A
:10605C00044638B13346424629463846A446BDE884
:10606C00F0416047BDE8F08110B4EFF311822024B9
:10607C0084F31288BFF36F8F416110BC0121FAF7D2
:10608C000DBC38B50C46054658B151B10B6843B13F
:10609C004B6833B11C22002100F01DFF00202C6145
:1060AC0038BD6FF01500FBE770B505460E46FFF7DF
:1060BC00B5FF041E14DBEFF31182202383F3128847
:1060CC00BFF36F8F4FF6FF716B8B2C8B8B4204F0F1
:1060DC00070407D182F31188BFF36F8F6FF00A04A6
:1060EC00204670BD022C0CD101336B8382F31188D6
:1060FC00BFF36F8F0023224631462846FFF79EFFE1
:10610C00EEE7062C14D8DFE804F004131313041A7A
:10611C000400002333606B683BB9C5E90066ACB979
:10612C0002212846FAF7BAFBDAE71E606E60F6E742
:10613C0082F31188BFF36F8F6FF00404D0E782F302
:10614C001188BFF36F8F6FF08504C9E782F3118854
:10615C00BFF36F8FC4E7034658B1426802F00302E5
:10616C00012A03D0032A04D1026812B100209860DE
:10617C0070476FF0150070474268034602F0030247
:10618C00032A4FF00002816014BF104600685A6069
:10619C0070477047012801D1EFF30583FDF79CBCD4
:1061AC0001460068FFF7F6BF08B5FAF799FCBDE8A1
:1061BC000840FAF7B9BC00210120FFF7EBBFD0F87B
:1061CC00A43083F30B88704761B662B680F31188F4
:1061DC00BFF36F8F704772B6002383F31188BFF340
:1061EC006F8FBFF34F8F30BF62B6BFF36F8F7047A7
:1061FC0072B6002383F31188BFF36F8FBFF34F8FF9
:10620C0020BF80F31188BFF36F8F62B6704740E8F0
:10621C0000F313F4803FD8B208BF6FF0150070473D
:10622C0030B50C684B6885B00A894D890094013BE8
:10623C0024F01F04234402F01F0242EA451223F00B
:10624C001F0369468DF808200393FAF795FF05B0F4
:10625C0030BD0C220369C9B201FB0233186C00F08B
:10626C000700704770B5C9B20369EFF3118520249C
:10627C0084F31288BFF36F8F0C2606FB0134246C59
:10628C0014F0C00408D0A24206D085F31188BFF3E5
:10629C006F8F4FF0FF3070BD012206FB01331A6483
:1062AC0085F31188BFF36F8F436803EBC1035B6801
:1062BC0098470020EFE78022FFF7D4BFF8B5069F80
:1062CC000469C9B2EFF31186202585F31288BFF358
:1062DC006F8F0C2505FB0144256C05F0070CBCF1F8
:1062EC00010F0CD1276486F31188BFF36F8FC4E9BB
:1062FC000E23436853F8313098470020F8BD05F061
:10630C00C005AF4286F31188BFF36F8F0CBF6FF0DF
:10631C0077004FF0FF30F1E713B580240094FFF7BE
:10632C00CDFF02B010BD10B41C240069CBB203FB2E
:10633C000400002110BC10470020FCF7BDB8002061
:10634C0000F0F3B81046FDF7CBBD022804D00428AA
:10635C0004D10020FBF7EAB90120FBE77047436842
:10636C0000205B68DB680B607047436802EA010041
:10637C005B6821EA0201586000209960704743680D
:10638C0000205B6859607047436800205B68996027
:10639C00704743685A68136821EA03000B40506049
:1063AC0000209360704710B503695868F8B18842B3
:1063BC0019D19C680868A142586000D198600020EF
:1063CC0008602AB15A680A609A68596002B99960E3
:1063DC00002010E0814206D1086820609868814254
:1063EC00EDD19C60EBE7044600680028F2D1002A4E
:1063FC00E8D16FF0150010BD00F060B8002201214B
:10640C00C620FAF7E5BD38B50446056901222846D1
:10641C00114600F017FA012205F11000002100F0DE
:10642C0011FA2046BDE83840FBF71CBD0069FDF7AA
:10643C008BBD0069FDF754BD13B501AA044600F0ED
:10644C0046F8002805DB019B226819791868FBF7D0
:10645C0037FD02B010BDCA07436816D4C1F3420120
:10646C0002290AD003290CD001290ED14FF0CC728D
:10647C001B680020C3F8242570474FF0C8621B68C6
:10648C00F7E74FF07F621B68F3E76FF0150070477A
:10649C0010B544680021606AFFF7CEFF2046BDE8C6
:1064AC001040FCF7E7BF10B544682046FCF7F2FF3C
:1064BC00606A0121BDE81040FFF7BEBF10B544680B
:1064CC00FFF7F1FF2046FDF705F8002010BD30B5B1
:1064DC0043681360057A446804EBC504A34202D3F5
:1064EC006FF0010030BD5C798C4201D00833F0E7CD
:1064FC000020F7E707B56846FCF74AFDDDE9000127
:10650C0003B05DF804FB08B5FEF780FB48B100232F
:10651C0083F31188BFF36F8F0423184602DF6FF0EB
:10652C00040008BD004700F044B9FBF727BFF7B5DE
:10653C001646DDE90847019001A81D46FCF774F8E2
:10654C00019BB6F1000C18BF4FF0010C00EB83005F
:10655C000B1E18BF0123002D43EA4C0314BF4FF050
:10656C000C0C4FF0000C002C43EA0C0314BF4FF43E
:10657C00706C4FF0000C002F43EA0C0314BF4FF467
:10658C00403C4FF0000CD0F8802043EA0C0322EA88
:10659C00030301B109780EB13678760019430DB1B9
:1065AC002D78AD0031430CB12478240229430FB16E
:1065BC003F783F040C433C43C0F8804003B0F0BD2F
:1065CC001FB50DF10F03019300238DF80F101A4620
:1065DC0019460093FFF7ABFF05B05DF804FB70B5EF
:1065EC00044608461646FCF72FF8083034F81030ED
:1065FC000D46DA0509D5C3F3432304EBC302314638
:10660C00284654F8333052689847A3682BB131466A
:10661C002846E268BDE87040184770BDF0B50446E6
:10662C00002001270546844695420AD1D4F844310E
:10663C0033B10023C4F84431D4F8443140F4003071
:10664C00F0BDEBB29B0003F580769B0807FA03F3D1
:10665C00194208D054F806E0BEF1000F03D044F8FC
:10666C0006C0A65918430135DEE770B50679044615
:10667C0030460D46FCF77AF8B0B13046FCF764F8BA
:10668C0090B93046FCF750F8012322688340C2F8D9
:10669C001833226803B202EB8303D3F8102522F0DF
:1066AC000302C3F8102570BD2846BDE870400021D8
:1066BC00FFF786BFFCF756B9FFF7D7BFC9B2FCF797
:1066CC0023BE91F820200346032A29D8DFE802F0E4
:1066DC00212519028A68500504D5D3F84427086986
:1066EC00904207D18A6852051AD4D3F84427896995
:1066FC00914215D000200622C3F80005C3F80025EE
:10670C007047D3F8442708699042F3D1D3F80C278B
:10671C00EDE7D3F844270969EAE7D3F80C27FAE741
:10672C000120704730B50124A2F58075AD08AC404E
:10673C000C4207D0815829B10021815082581A6827
:10674C0022431A6030BD002313B50C4601934FF45D
:10675C00947201ABFFF7E6FF21464FF48272FFF70C
:10676C00E1FF21464FF48A72FFF7DCFF21464FF41C
:10677C00B672FFF7D7FF21464FF4A872FFF7D2FF8E
:10678C0021464FF49C72FFF7CDFF4FF49A722146CD
:10679C00FFF7C8FF019802B010BD07B5019001A822
:1067AC00FDF720F90123019A9340436003B05DF893
:1067BC0004FB08B1FAF704BF7047704740B1C368D7
:1067CC00587810F001001EBF1878B0FA80F040091C
:1067DC007047EFF31183202383F31288BFF36F8F7D
:1067EC00FEE708B5FFF7F5FF10B54369044633B96A
:1067FC000020E268537843F00103537010BD9847B2
:10680C000028F5D00028B8BF4042FF28A8BFFF20C1
:10681C00E3681870EDE700F05EBB00F04FBB20247E
:10682C0008B5EFF3118384F31288BFF36F8FFFF772
:10683C00D2FCF6E790F90E308B4201D0FDF71EBD6D
:10684C00002070473AB18A4205D3C0E90212C0E970
:10685C000000002070476FF015007047EFF30580C3
:10686C00003818BF01207047D0E9003213605A601D
:10687C000023C0E90033704708B5FFF7F5FF437BF1
:10688C0023F0020343730023836008BD38B504462C
:10689C000D46FDF751FC637B43F002036373E5B1D6
:1068AC00A5602B689D4209D16B68C4E900531C603C
:1068BC006C6012E06A689A42F6D01B68002BF3D029
:1068CC0094F90E2093F90E108A42F3D09142F1DD27
:1068DC005A68C4E9003214605C6038BD10B5EFF33F
:1068EC001184202383F31288BFF36F8FFDF7E2FB33
:1068FC0084F31188BFF36F8F10BD38B5EFF311849B
:10690C00202383F31288BFF36F8F002390F86C5011
:10691C00427B80F86C302DB121B184F31188BFF328
:10692C006F8F38BD12F0280FF7D183680BB1FFF7CA
:10693C00A3FF437B23F004034373FDF7BBFBECE79E
:10694C0001211838FFF7D9BF2DE9F04105460E4655
:10695C001746EFF31188202383F31288BFF36F8F50
:10696C000468A0420FD1002088F31188BFF36F8F09
:10697C00BDE8F08139462046B0470028F4D16B6859
:10698C00A342F0D02468002CF4D1ECE708B5024601
:10699C00FDF798FF70B1D0E904319B1A61EBE272FC
:1069AC00B3F1004F72F1000104DA002AACBF1846B3
:1069BC00002008BD6FF00040FBE7024638B5EFF34E
:1069CC001185202383F31288BFF36F8F0368CBB13B
:1069DC00FDF778FF04461046FDF786FF00224FF0C6
:1069EC0000438442C0E9042306D1FDF773FFFFF78F
:1069FC00CDFF0021FBF788FB002085F31188BFF346
:106A0C006F8F38BD6FF01500F7E708B5FEF778F813
:106A1C0008BD10B50446406A10B1A16A00F029F80F
:106A2C000020C4E9090010BD38B50546FFF7F1FF99
:106A3C002B7F0446012B0ED0023B012B0ED82B6A68
:106A4C00012B18BF6FF096042C220021284600F071
:106A5C0042FA204638BD2B6A002BF2E76FF0960401
:106A6C00F2E7FEF7DFB9704700207047002070474F
:106A7C00704710B5044608B1FEF772F92046BDE820
:106A8C001040FEF767B90A2840DCC31C22DA10F16B
:106A9C00400F47D010F13F0F2BDA10F1410F44D0CB
:106AAC0010F1550F44D010F1490F08BF6FF084005E
:106ABC0018BF6FF08600704709282AD8DFE800F06D
:106ACC000529290816293829292F6FF098007047B5
:106ADC0000207047C31C0D2B1BD8DFE803F0072FD9
:106AEC001A1C1A1A1A1A1A1A1D1A1A1D6FF0850076
:106AFC00704710F1210F1ED00BDB10F1200F1DD0B1
:106B0C0010F1100F08BF6FF09400D1E7643809281A
:106B1C00D2D96FF0860070476FF0940070476FF019
:106B2C008C0070476FF0840070476FF089007047DD
:106B3C006FF0930070476FF0880070476FF0920011
:106B4C00704710B501380A44914200D110BD10F8BD
:106B5C00013F11F8014B63400370F5E7014481429A
:106B6C0000D1704711F8013D1A440A70120AF6E779
:106B7C0010B58B4294BFC4184418A04200D110BD6C
:106B8C0000F8012BF9E700231A4682B001908B42E2
:106B9C0001D102B070470198C2540133F7E707B531
:106BAC0001A9FEF7E1F9003818BF012003B05DF828
:106BBC0004FBCA0448BF41F480618B0448BF41F414
:106BCC0000618160704730B589B0054618220C46CB
:106BDC0001A8002100F07FF9012344EA052401A952
:106BEC00FA2007940593FEF787F9002818BF6FF079
:106BFC00920009B030BDF7B5FA2001A9FEF7B4F93F
:106C0C00044610B1002003B0F0BD019D2F0AEDB277
:106C1C00AC4205D1FA20FEF78DF90028F2D008E03D
:106C2C00E6193046FEF786F930B13046FFF7B7FF6C
:106C3C0010B96FF09200E6E70134E9E738B50225A8
:106C4C00036804469D6000F02CF818B1236803F526
:106C5C008053DD6138BDC0F30B03482B4B6028BF5C
:106C6C00482310F4003F8B6008BF0023CB6010F466
:106C7C00803308BFC1E9013300F47003B3F5700F22
:106C8C0014BF00238B6800284FF0010C4FF0080252
:106C9C008B60B8BF0023C1E905C2B8BFC1E9053399
:106CAC0070470369186800F4003070470368D90412
:106CBC0044BF43F48063036003689A0444BF43F405
:106CCC0000630360704737B5054600216846FEF740
:106CDC002BFD044668B9302229466846FEF776FD3E
:106CEC0010F1520F044607D0431CF4D0684600F054
:106CFC004FF8204603B030BD684600F049F8E4E791
:106D0C00BFF35F8F4FF0A343DA69BFF35F8FBFF31D
:106D1C005F8F10215963BFF35F8FBFF35F8F00212B
:106D2C005963BFF35F8FBFF35F8FD96BBFF35F8F77
:106D3C004906F8D422B1BFF35F8FDA61BFF35F8FDE
:106D4C00704708B5FEF718FB30B9BFF35F8F4FF0F3
:106D5C00A343986ABFF35F8FBFF35F8F4FF0A342DB
:106D6C00D36BBFF35F8F10F0240F03F0230304D019
:106D7C00FFF7C6FF6FF01F0008BD4FF0FF30002B70
:106D8C00FAD1BFF35F8F1063BFF35F8F1846F3E741
:106D9C0010B5037804461BB1FEF70EF800232370E0
:106DAC00002010BDFDF74CB84FF0FF324FF0FF3311
:106DBC00FCF7CEBF4FF0FF324FF0FF33FCF7C8BFEC
:106DCC00FDF73EB800F06AB807B54FF0FF334FF04F
:106DDC00FF32CDE90023002200F06DF803B05DF81E
:106DEC0004FB00F064B800F05EB82DE9F3470646EA
:106DFC00DDE90A9817460C46E1B102F0010AFDF7ED
:106E0C00F7FB0546EFF31181202383F31288BFF3C0
:106E1C006F8FBB0744BF0023B360B36803EA04025F
:106E2C00BAF1000F0AD094420AD181F31188BFF352
:106E3C006F8F1C40204602B0BDE8F087002AF4D1C9
:106E4C0059EA080305D181F31188BFF36F8F002332
:106E5C00EFE7C5E919473246CDE9009806F10C0079
:106E6C00FDF7EAF90028F2D16B6EE2E710B5846EFB
:106E7C00426E4B68E40703EA02030BD59A420BD12E
:106E8C00012380F86C300B68036608601830FFF73C
:106E9C0094FD01E0002BF3D1002010BD0023C0E9CC
:106EAC000000836070474FF0FF32FEF7F9BC0A46D2
:106EBC000021FEF7F5BC5200FFF797BF0A44431EB2
:106ECC00914200D1704710B511F8014B914203F873
:106EDC00014FF9D110BD02440346934200D17047D3
:106EEC0003F8011BF9E710B50139044632B111F86A
:106EFC00013F013A00F8013B002BF7D10021FFF7CD
:106F0C00EAFF204610BD0246014410B58A421346E2
:106F1C0003D01C780132002CF8D1181A10BDF0B532
:106F2C00C3F13707044603F01F031046FFB2082BCA
:106F3C00E6B232D0102B3DD06508A40845EAC175E5
:106F4C0044EA81748A082D1942EB5102290941EA5D
:106F5C0002716D1842EB1212290A41EA02616D1896
:106F6C0042EB1222290C41EA02416D1842EB12420B
:106F7C00AD1842F10002EC0844EA4274D10804EB6B
:106F8C008402A6EB4205EDB2092D0CD90134A5F112
:106F9C000A0541F10001EDB212E0E40806F0070524
:106FAC0044EA4174C908303554EA010200F8015B27
:106FBC00BDD1F0BD240906F00F0544EA017409099E
:106FCC00092D84BFED19EDB2EDE700000148006812
:086FDC0070470000580400207A
:086FE400CC94FF7F01000000C6
:106FEC0029150000000000000000000034700000B3
:106FFC0000000000747000000000000054700000DD
:10700C0000000000947000006D20000000000000E3
:10701C00051500000000000000000000B470000026
:08702C001365000000000000E4
:10703400558F0000787A0000887900002001002034
:1070440090040020A91600000000000000000000C9
:10705400628F0000947A00004C7900002201002025
:10706400E4040020D11A0000000000000000000029
:107074006E8F0000AC7A00004C79000024010020DF
:10708400F0040020D11A00000000000000000000FD
:10709400798F0000C47A00004C790000260100209A
:1070A400FC040020D11A00000000000000000000D1
:1070B400848F0000DC7A0000707900002801002031
:1070C40008050020136400000564000000000000AF
:1070D40000000000C361000000000000C361000064
:1070E40000000000C361000000000000C361000054
:1070F40000000000C361000000000000C361000044
:1071040000000000C361000000000000C361000033
:1071140000000000C361000000000000C361000023
:1071240000000000C361000000000000C361000013
:1071340000000000C361000000000000C361000003
:1071440000000000C361000000000000C3610000F3
:1071540000000000C361000000000000C3610000E3
:1071640000000000C361000000000000C3610000D3
:1071740000000000C361000000000000C3610000C3
:1071840000000000C361000000000000C3610000B3
:1071940000000000C361000000000000C3610000A3
:1071A40000000000C361000000000000C361000093
:1071B40000000000C361000000000000C361000083
:1071C40000000000C361000000000000C361000073
:1071D40000000000C361000000000000C361000063
:1071E40000000000C361000000000000C361000053
:1071F40000000000C361000000000000C361000043
:1072040000000000C361000000000000C361000032
:1072140000000000C361000000000000C361000022
:1072240000000000C361000000000000C361000012
:1072340000000000C361000000000000C361000002
:1072440000000000C361000000000000C3610000F2
:1072540000000000C361000000000000C3610000E2
:1072640000000000C361000000000000C3610000D2
:1072740000000000C361000000000000C3610000C2
:1072840000000000C361000000000000C3610000B2
:1072940000000000C361000000000000C3610000A2
:1072A40000000000C361000000000000C361000092
:1072B40000000000C361000000000000C361000082
:1072C40000000000C361000000000000C361000072
:1072D40000000000C361000000000000C361000062
:1072E40000000000C361000000000000C361000052
:1072F40000000000C361000000000000C361000042
:1073040000000000C361000000000000C361000031
:1073140000000000F552000000000000C3610000FE
:1073240000000000C361000000000000C361000011
:1073340000000000C361000000000000C361000001
:1073440000000000C361000000000000C3610000F1
:1073540000000000C361000000000000C3610000E1
:1073640000000000C361000000000000C3610000D1
:1073740000000000C361000000000000C3610000C1
:1073840000000000C361000000000000C3610000B1
:1073940000000000C361000000000000C3610000A1
:1073A40000000000C361000000000000C361000091
:1073B40000000000C361000000000000C361000081
:1073C40000000000C361000000000000C361000071
:1073D40000000000C361000000000000C361000061
:1073E40000000000C361000000000000C361000051
:1073F40000000000C361000000000000C361000041
:1074040000000000C361000000000000C361000030
:1074140000000000C361000000000000C361000020
:1074240000000000C361000000000000C361000010
:1074340000000000C361000000000000C361000000
:1074440000000000C361000000000000C3610000F0
:1074540000000000C361000000000000C3610000E0
:1074640000000000C361000000000000C3610000D0
:1074740000000000C361000000000000C3610000C0
:1074840000000000C361000000000000C3610000B0
:1074940000000000C361000000000000C3610000A0
:1074A40000000000C361000000000000C361000090
:1074B40000000000C361000000000000C361000080
:1074C40000000000C361000000000000C361000070
:1074D40000000000C361000000000000C361000060
:1074E40000000000C361000000000000C361000050
:1074F40000000000C361000000000000C361000040
:1075040000000000C361000000000000C36100002F
:1075140000000000C361000000000000C36100001F
:1075240000000000C361000000000000C36100000F
:1075340000000000C361000000000000C3610000FF
:1075440000000000C361000000000000C3610000EF
:1075540000000000C361000000000000C3610000DF
:1075640000000000C361000000000000C3610000CF
:1075740000000000C361000000000000C3610000BF
:1075840000000000C361000000000000C3610000AF
:1075940000000000C361000000000000C36100009F
:1075A40000000000C361000000000000C36100008F
:1075B40000000000C361000000000000C36100007F
:1075C40000000000C361000000000000C36100006F
:1075D40000000000C361000000000000C36100005F
:1075E40000000000C361000000000000C36100004F
:1075F40000000000C361000000000000C36100003F
:1076040000000000C361000000000000C36100002E
:1076140000000000C361000000000000C36100001E
:1076240000000000C361000000000000C36100000E
:1076340000000000C361000000000000C3610000FE
:1076440000000000C361000000000000C3610000EE
:1076540000000000C361000000000000C3610000DE
:1076640000000000C361000000000000C3610000CE
:1076740000000000C361000000000000C3610000BE
:1076840000000000C361000000000000C3610000AE
:1076940000000000C361000000000000C36100009E
:1076A40000000000C361000000000000C36100008E
:1076B40000000000C361000000000000C36100007E
:1076C40000000000C361000000000000C36100006E
:1076D40000000000C361000000000000C36100005E
:1076E40000000000C361000000000000C36100004E
:1076F40000000000C361000000000000C36100003E
:10770400713800003165000000000000C361000012
:1077140000000000C361000000000000C36100001D
:1077240000000000C361000000000000C36100000D
:1077340000000000C361000000000000C3610000FD
:1077440000000000C361000000000000C3610000ED
:1077540000000000C361000000000000C3610000DD
:1077640000000000C361000000000000C3610000CD
:1077740000000000C361000000000000C3610000BD
:1077840000000000C361000000000000C3610000AD
:1077940000000000C361000000000000C36100009D
:1077A40000000000C3610000E12E0000316500000C
:1077B40000000000C361000000000000C36100007D
:1077C40000000000C361000000000000C36100006D
:1077D40000000000C361000000000000C36100005D
:1077E40000000000C361000000000000C36100004D
:1077F400653200003165000000000000C361000034
:1078040000000000C361000000000000C36100002C
:1078140000000000C361000000000000C36100001C
:1078240000000000C361000000000000C36100000C
:1078340000000000C361000000000000C3610000FC
:1078440000000000C361000000000000C3610000EC
:1078540000000000C361000000000000C3610000DC
:1078640000000000C361000000000000C3610000CC
:1078740000000000C361000000000000C3610000BC
:1078840000000000C361000000000000C3610000AC
:1078940000000000C361000000000000C36100009C
:1078A40000000000C361000000000000C36100008C
:1078B40000000000C361000000000000C36100007C
:1078C40000000000C361000000000000C36100006C
:1078D40000000000C361000000000000C36100005C
:1078E40000000000C361000000000000C36100004C
:1078F40000000000C3610000AD25000031650000F8
:1079040000000000C361000000000000C36100002B
:1079140000000000C361000000000000C36100001B
:1079240000000000C361000000000000C36100000B
:1079340000000000C3610000F12E0000316500006A
:0879440000000000C361000017
:10794C00F11800006B630000776300008B6300008C
:10795C00956300009F630000251B0000B3630000CB
:04796C000000000017
:107970006364000000000000791C000000000000AB
:0879800000000000C51D00001D
:1079880005170000C3620000256300000000000026
:0C7998005F620000000000000000000022
:1079A400040000000F0000000100000008000000B7
:1079B4002000000070000000800000000D000000A6
:1079C4000C0000000E0000005000000084000000C5
:1079D400B8000000FFFFFFFFFFFFFFFFFFFFFFFFF7
:0479E400FFFFFFFFA3
:1079F00000A0105000820D5000040550050000004A
:107A00000400000001000000000000000000000071
:107A10000338FDD87047000000000000000000009F
:107A20000338FDD8704700005470000001000000CA
:107A30005470000000000000400000200000000022
:107A400006000100020000004C7A00000000000067
:107A5000468F000006000000E0CF0F00000000206D
:107A60004E8F000021000000E0FF022031160000D0
:107A700001160000000000008517000075160000C8
:107A8000456300004B63000000A0105000820D50C1
:107A9000000405501F00000000A01050000000006E
:107AA0000000000000C0105001000000FFFF0000B7
:107AB00000820D50000000000100000000A00D50E9
:107AC00000000000FF070000000405500000000057
:107AD00002000000000000000000000000600C50E8
:107AE00000000000000000000000000000009801FD
:107AF00000000101411C00001000000009640000AA
:107B00000C7B0000810C0020FFFF000000600C5087
:107B1000187B000001000000207B00000200000034
:107B20002C06000C2B06000B00A0105000820D50FC
:107B30000004055000A0105000820D5000040550B4
:107B40000800000002000000040000000100000026
:107B500000A0105000820D500004055000A01050ED
:107B600000820D5000040550EC6F0000EC6F000027
:107B7000147000001C7000003470000034700000AD
:107B800000388A408F409440A140A640AC40154840
:107B9000CB40AE40A3400038003800380038CE401B
:107BA000ED409D4149415641324137413C414141BF
:107BB000B941BE41D7410E42FA418D411B4280413D
:107BC00062426A42774274436E4366437F432E4863
:107BD00024460038003800380038AF48D548F3480C
:107BE00063457D4585439D45A845BB45E345ED453A
:107BF000CF45FC4515468C466E4695468E46003868
:107C00000038003828420038003800380038003882
:107C100000380038003800380038003800380038A4
:107C20001949194919491949194919491949194944
:107C30001949194900380038003800380038003830
:107C40000038003800380038003800380038003874
:107C50000038003800380038003800380038003864
:107C60000038003800380038003800380038003854
:107C70000038003800380038003800380038003844
:107C80008C090038FFFFFF00000000001027008172
:107C9000878A001A7B627AA678797A8D00307B62B7
:107CA0007AA778797A8D003078207B6279217A22E0
:107CB0000C10865082A2808182A28287828D001A57
:107CC0000030722095407AAC797B003078247B625A
:107CD0007AA884797A8D00307224A7407B24792594
:107CE0007A26856286A87284868D11A685841162A3
:107CF00086A7858684208621862286509A5086A66D
:107D0000867286A88685868D8462868D781086A682
:107D10007270001A00307ABB78790030008300302E
:107D2000001C001C001C001C001B7C22001D1310EA
:107D3000D040001A001C001C001C001B7C22001DEF
:107D4000001B7C22001D1310DA40001A000C016A8F
:107D50003427001A006E1027001A7B6278247925D8
:107D60007A260C1086500E1022590E101A59848F44
:107D7000C50811B885850410295911A284871AA253
:107D800011111120071890A2801A9020001919A231
:107D900072871AA61970001B7C201AA21A80131071
:107DA0000B410E101D590410335986A21A72868D8C
:107DB000001A0030870811B8858211A284871AA2A0
:107DC00011111120031890A2801A9020001915A2F9
:107DD00081871AA215151520031890A2801A9020E9
:107DE000001907418650052408250426F5408650D1
:107DF000042406250526F54086500C2406250B266E
:107E0000F54086500B2408251A26F55000AB0C1AB5
:107E100000300DA702720AAC060D0EA703720BAC60
:107E2000060E02620CA872030C8D00307DBB0203AB
:107E3000048F05A6707003628650042072210E2202
:107E40009A500070108A0E240B250E26F3500272F1
:107E50008650042072210D229A5002721027108A37
:107E60000D240A250D26F35005A70D0E05200C2123
:107E700005229A50007005BB030505A60E050030CB
:107E800002628650042072210D229A500070108ADE
:107E90000D240A250D26F35000300DA70D0E05A662
:107EA0007070027286500C200D2105229A500070CD
:107EB00005BB030505A60E05003002620DA7027280
:107EC00003620EA7037201BB0D0E00BB02030D205F
:107ED0000E21802282AC8081812082213910A9412B
:107EE000006201A80180018D012408250626B150F9
:107EF00000300324062508268650F3400324052578
:107F00000A268650F350026286500A2072210A2205
:107F10009A503810003906200A210B229A500BA6DD
:107F20000B0C0BA80B050B8D3810003900300262CA
:107F30000A8E0A8F0B8E0B8F072787500EA8720BA5
:107F40000C200E210D229A500A200E210E229A504A
:107F50000062865003240D251A2608210E221A518C
:107F60000262008107271A2072211A229A5000AB60
:107F70000A1A003086500DBB08060DA6040D032416
:107F800006250E26F3500E2007210E229A500EA72A
:107F9000050E0E8D0E240D250B26F34086500A2467
:107FA00008250D26F35002200D210E229A500E2492
:107FB0000C250B26F340865007200A210D229A50EB
:107FC00003240C250E26F35005A60D0E058D00305A
:107FD000865001A700720AB9010006240A2504266A
:107FE000F55077A7047238100030011877A7040104
:107FF000381000300420042104229A5077A704721C
:108000003810003C001977A704013910003C0030FB
:10801000A0A27210685380A2811090A29110021049
:10802000965308105B541410FB5439108134001A15
:10803000000C865033A2041002102D440810D744BF
:1080400014105B4558522620782148522621001CE6
:108050007A20CC4258522620782148521D2079217E
:108060004A52262026211D22001E7A20CC42585238
:10807000782479257D527A20CC42112084214852DF
:10808000112010107A590E103649012185260068FA
:1080900086AC86012EA67070C1522E2236102C227C
:1080A00035A78682006CC80811B83581EA502620B1
:1080B0001121001C2620021012541121262207181B
:1080C000B120021015540810C754141051558021C6
:1080D0000019E35226202621D0501122BC520068FC
:1080E000C152006C2320361026201B220318001ECC
:1080F000802100192621001A001B0B102320001FCD
:10810000001A2CBA73742CBA2C2C2CA72C742DA703
:10811000018677A72D2C001AA122DC5202108D5364
:10812000081054541410F65480A2807290A29072D9
:10813000808D908D001A003082A2821082A28272FD
:1081400082A81082001A2C2013211622071880A260
:10815000818280219020B22200193222DC5229A291
:10816000322828A2323131A2292525A2293030A275
:10817000312222A2312F2FA2301F1FA2302E2EA279
:108180002F1C1CA22F2D2DA22E1919A22E2C2CA291
:108190002D1616A22D132FA6117030A6127031A61F
:1081A000137013A62C7011201121081802108D5382
:1081B000081054541410F654A020B121001926A61A
:1081C0002F7027A6307028A63170001A1120842144
:1081D00048521D20822148528A0811B885831420F4
:1081E00011211122001C05188024B1208421001EB9
:1081F000001920201D211D22001C05188024B120FB
:108200008421001E0019E352262026211922001E77
:10821000DA501122BC5219222620BC5277A22872B1
:10822000F810821077A7850177108620CC4285A6AA
:10823000850183A6830183A6830113A272101DA664
:1082400019701EA61A701FA613702C43585278215D
:108250000810E044818F918F001A003077A7010049
:108260003810013A001A00305852042168530210A5
:1082700039540810F0543810053A001A003058529A
:10828000262078214A52001A003058521510755392
:108290006E53262002214A5200302DA2A1A12EA207
:1082A000A12D80A2812D90A2912E001A2FA205103F
:1082B0002EA280802CA280332EA22E802DA2909000
:1082C0002EA62E2C2EA62F2E2CA72D2E2CA22C72B5
:1082D0002C8D001A30A691912CA681812DA230916F
:1082E0001A10E24331A2A1A11810C5432EA2818128
:1082F00031A231312CA22C2D31A231332FBA2E7460
:108300002EA62F3131A62C2CD1432EA681312FA79A
:1083100081312CA22C2D2EA22E2F31A62C2C2EBA40
:108320002E742DA22D2D2FA22E2E2DA62D2D80A701
:108330002F3131A72C80A0A230A12FA22E3190A7DF
:108340002F2D001A2EA281812CA22C2DCD4331A6D7
:108350007092ED4331A77092ED4330A2A1A12FA2FC
:1083600031A131A230822FA22F3031A731812FA726
:108370002F9130A23131A0A231A12CA2813030A2A4
:1083800031302EA62C2C31A22F2F2EA6302E80A7D6
:10839000312E2CA72C802EA2913031A22F2C90A709
:1083A000312E001AB0A2A0A0001A2EA670921B4473
:1083B0002EA770921B442DA2A2B231A2A1A12CA281
:1083C00081B22FA2A13131A282312DA2912D2FA2F3
:1083D0002E2F2EA2A1A22C21F543AAC3E7D3EAE3B4
:1083E0002CA6047477A72C00381477A60470781490
:1083F000001A2DA205102EA633332FA62D2D2EA246
:108400002E2E2FA62F2D2EA22E332FA22F2F30A6A9
:108410002F2F2EA62E2F2FA62E3077A22F72001AC6
:1084200090A77090908D001A2DA2A1A180A281A189
:1084300090A2912D001A2FA205102EA280802CA2AE
:1084400080332EA22E802CA22C802DA2909030A2C0
:1084500080902EA62E2C2DA62D302EA62F2E2CA7AA
:108460002D2E001A2CA281A12DA281812EA62D9144
:108470002DA22D2DA0A22C2C2CA22C2E2EA22E2EE5
:10848000181085442FA2A03387442FBAA0042EA62B
:108490002E2C80A62E2F2CA6A02C2DA22DA02CA2F7
:1084A0002C8090A62C2D001A702398448223984487
:1084B00031A683922FA282A130A2A1A130A2313095
:1084C00031A2818132A22F2F29A6313231A63191DA
:1084D000A0A229A131A22F312EA6812F32A630329F
:1084E0002FA6913032A281322FA22F2E2CA2812FC3
:1084F0002DA2299180A632312CA62C2D32A62FA098
:1085000031A22C2929A2328090A63129001A30A24A
:10851000A1A12DA2A2A22CA281A22FA282A12DA252
:10852000912D30A292302EA2A1A22C21A04472C47F
:1085300094D496E4006877A772043714006C001A8C
:108540002DA272872CA22D8177A7812C391081361C
:108550002CA22D9177A7912C39109136001A00305A
:1085600077A60570001A90A68090001A80A281A1BB
:1085700090A291A1001A31A272102CA280802DA28B
:1085800090902EA62C2D2FA22C2D2FA2332F2FA66C
:108590002F312EA72E2F2E8D001A2CA6819130A2BE
:1085A00081812DA291912EA2A1A12CA22C2C2EA6CC
:1085B0002E2E2FA6302D2DA7302D2CA72C2F2EA7F9
:1085C0002F2E90A22D2F80A22C2EA0A22E2F001A8B
:1085D0002EA670822E452EA770822E452FA2A19224
:1085E0002EA2A12E30A2819131A22E2F32A6912E41
:1085F0002EA7812E2CA6812F2FA6912F32A22C32AE
:108600002CA22E2F2EA630312FA7303130A72C2FA1
:1086100031A7322E80A22E3090A22F31A0A230316D
:10862000001A2CA2A2812DA2A2912FA2A1922EA269
:10863000A1822C2132450DC528D52BE5001A80A733
:108640007080808D001A5852022407257D52262002
:10865000CC52E6508750262072210A229A503810B8
:10866000003906200A210B229A500BA60C0B0BA8EE
:108670000B070B8D381000390030E65087500A8EFA
:108680000A8F0B8E0B8F0DA8720B0C200D2135223B
:108690009A500A202B229A50EA50585208222B2333
:1086A0000224352526262653E650008126207221F5
:1086B0002C229A5000AB0A2C0030E6502BA87206F0
:1086C0002B8DEA50585202242B257D520820CC4293
:1086D000000C006435A60A0CE65087503520722144
:1086E00035229A500BA7073506200B210B229A50F2
:1086F000381000390030000C006435A60A0CE65032
:1087000087500B8F3520722135229A50EA505852EB
:1087100008220B23022435250D26265300305852FB
:1087200026200B2148521D2006214A5226202621B0
:108730001D22001E1D2008214A52262026211D220E
:10874000001E0D20CC42E65087500B200C210A223F
:108750009A5082A70882828D0030585208220C233A
:1087600078240A252626265300682620062100ABF9
:10877000818000AB91900030585206200210505476
:108780000810F35414105F5506240B257D521D204C
:1087900008214A52262026211D22001E1120CC52DB
:1087A00011240A257D520D20CC42E65087500A2024
:1087B0000D212B229A50EA50CF550BA62B700D2479
:1087C0000B257D520820CC428650000800B87979EC
:1087D00017A70173179E179E0BA2781017A21710E8
:1087E0000C200E2280A60B7090A2721082A69070B0
:1087F00092A6707068460E227AA882927A8D003016
:108800000E210C2211A6819112A7819113A21111A0
:1088100014A2121215A6829216A7829215A2151200
:1088200016A2111611A7131481A2131412A2171164
:1088300014A6151615A7151682A2141416A215153E
:1088400013A6131292A2160B91A2111312103B46FB
:10885000001B0A1040460C210E22424606217A5681
:1088600008217C5636A2060B36A236870AA60836A1
:108870000A8D0030E650875091A2918736A2768704
:1088800036A2913681A2818781A6368181A281722A
:10889000818D91A67070001A02248F46062408214B
:1088A0007A56EA501410C447F34606217A560A8FC6
:1088B000EA501410C9471C4735A2811034A2911008
:1088C00031A2353536A2343433A2041035A2313604
:1088D00034A2721033A2333531A7363136A6343381
:1088E00031A73136318D39108134001A31A29110FF
:1088F00036A2041031A2313133A2721036A23631C1
:1089000031A7313336A6363333A2363633A2333667
:1089100034A2333335A2343635A2353134A2313363
:1089200035A23572358D33A7007333A73374339E68
:10893000339E339E352433253526F55035A2351028
:1089400034A2343533A2343433A2333633A6333130
:10895000338D72203810052081A23480818D7D10E6
:1089600081A70081001A000C8650D00811B80801B8
:1089700032A2041032A6323284210C20A5570C21D9
:108980002D2088571120AE57071880222D21C02096
:108990005D578021AE5700190C210C2088C75DD788
:1089A00068E7D050112217570A20B9570030001B32
:1089B0000C200B102D206847000C86500821B6565D
:1089C0009C5632A2041032A63232920811B80A061E
:1089D00002210C20A5570C212D2088571120AE57BD
:1089E000031880222D21C0205D578021AE57001929
:1089F00008212120A55721212D2088572120AE575D
:108A0000031880222D21C0205D578021AE57001908
:108A10000C2121220C205D5788C75DD768E7DA500A
:108A200011221757212217570C20B95777A68070AB
:108A30003E10003900AB0B90003031A6918136A773
:108A4000918131A2318236A2369233A670B2734739
:108A500031A6918136A7918131A2319236A2368218
:108A600033A770B2734734A2A1A233A2B13335A6A3
:108A7000313631A7313636A7343333A6343380A2AA
:108A8000313690A23533A0A23633B0A23531001A68
:108A900031A6918136A7918134A2313133A231368A
:108AA00031A2A1B136A2A1A131A6313136A6363606
:108AB00036A7363334A7343180A23136A0A23633FC
:108AC00090A23334B0A23134001A80A2811090A257
:108AD0009110A0A27210B0A28090001A31A69181CC
:108AE00090A7918180A63170A0A6A1A1B0A2B132B9
:108AF000001A35A2721035A835A180A2813590A246
:108B00009135808D908D001A082558527D520A208B
:108B1000CC4258520821DB5708205F550822062313
:108B200002240A252626265377A626703E100B39E6
:108B300000AB0B270030918F2CA291872DA272875A
:108B40002CA22C2C2EA72C2D2CA22C332CA72C2D78
:108B50002DA22E2E2FA22E2C2DA22D2F2FA22F2F65
:108B60002FA22D2F2FA22F722F8D30A70074309E91
:108B7000309E2F2430252F26F5502FA22F872DA28F
:108B80002F2D2FA22D2D2FA22F2C2FA72F2E2F8D43
:108B90003910913481A22D72818D7C1081A70081C2
:108BA00077A7810037109134001A000C7B62865041
:108BB00078231BA67D721B9E341043481B9E832482
:108BC0001B257A26F5507A207A211B229A501BA762
:108BD0001B831B8D3910003D001A0030585278203D
:108BE00078211C229A501CA61C041C209A501CA6FA
:108BF0001C051C8D1C23195877A67A703D10003077
:108C00007AA7007A00301DA77D721EA61D701E9ED9
:108C100083241E257A26F550381000301EA77A725C
:108C20003910003D1FA283101DB91D0020A67570CC
:108C300021A2721022A6212122239E5824A6287048
:108C400025A67570A85823A72821238D39106B48B5
:108C500022A622215C481DA71D721D9E1F239E581F
:108C600026A21F2827A2262828A72721288D3810CA
:108C700099482AA6727029A2272728A72921288D7A
:108C80003810874829A229292AA62A727D481EA7BA
:108C9000202A28A6247025A61E70A8582BA6287066
:108CA00024A22B2B20A62A7026A22B2627A227241B
:108CB00074487AA226727A8D001A003023A2837239
:108CC000238D23241D252326F55028A22310001AC6
:108CD00025A725723810001A28A22828A8480610AF
:108CE00000385852022407257D522620CC520068B5
:108CF0000AA60C800AAC0A01381000392AA67206AE
:108D0000E6502BA8722A2AAC2B0187500A20062194
:108D10002B229A502BA7072B2BAC2B012A202B217F
:108D20000B229A5038100039003006100038E650F7
:108D300087500A8E0A8F0B8E0B8F2AA60A0B2AAC3D
:108D40002A0138100039EA50585208222A230224F6
:108D50000B2523262653E6502AA60C232AAC2A01EB
:108D600000AB0A2A0030061000385852E6508750EF
:108D70002AAC0D0F2AA62A0F2A2007212A229A5050
:108D80002AA6062A2AAC2A012BAC0A0F2BA62B0FE7
:108D90002B202A212B229A502BBB2B0C2ABB2A0CCE
:108DA000EA50585208222A230A242B250D2626533E
:108DB0000030003885A9010F001A11BA010F85A7EC
:108DC0008511001A007001A67070007001A77D72F5
:108DD000001A007009A67070007009BB7D0F7D211C
:108DE00009620081001A81620081001A0F210F269A
:108DF0000068868EC15236108636006C02105059BB
:108E00000310875211A6267012A6277013A6287089
:108E1000E65036A8850F368D01213626EA50874266
:108E2000900811B8868615D418E4112012541D201C
:108E30001121001C125411211D220318C120001EF3
:108E400012548021001926A6117027A6127028A698
:108E5000137026202621001C001C001C001B7C22F5
:108E6000001D262113106B491122BC522621E7D385
:108E7000EAE3001A00680F8E006C2CA20F108759CD
:108E800002108759A0A2A02C15108959001A80A29F
:108E9000802C90A2902C001AFA1ED65F00010000D0
:108EA0000002000000140000002800000040000044
:108EB0000100000002000000493243206275732067
:108EC0006E6F742072656164790A00535441545581
:108ED000532072656164206661696C65643A20257F
:108EE000640A002A2A2A20426F6F74696E67206E16
:108EF000524620436F6E6E6563742053444B207658
:108F0000332E312E312D6532613937666532353772
:108F10003861202A2A2A0A002A2A2A205573696ED3
:108F200067205A6570687972204F532076342E314D
:108F30002E39392D66663866306335373965656296
:108F4000202A2A2A0A00464C4153485F30005352D7
:108F5000414D5F3000636C6F636B40313065303082
:108F600030006770696F40313061303030006770B9
:108F7000696F406438323030006770696F40353057
:108F800034303000693263406336303030000001E5
:108F90000405020608090F000718232323232323AF
:108FA0002323232323232300010269646C65006DBE
:108FB00061696E00286E756C6C29002A666C6F61A1
:048FC000742A00000F
:108FC4000000000067000000000000000000000036
:108FD400000000000000000000000000000000008D
:108FE400000000000000000000000000000000007D
:108FF400000000000000000000000000000000006D
:10900400000000000000000000000000000000005C
:10901400000000000000000000000000000000004C
:10902400000000000000000000000000000000003C
:10903400000000000000000000000000000000002C
:10904400000000000000000000000000000000001C
:10905400D35F00002D20000000000000FF0000008E
:109064000090D003FF0000000F0000007102000018
:10907400F0000020F00000207D6A0000E36E000094
:10908400677420002C010020400100209C01002076
:109094009001002054010020B16D0000B56D000066
:0C90A400000000000000000000000000C0
:1090B0002C0100202C010020000000000000000016
:1090C0000E000000400100204001002000000000D0
:1090D000000000000E000000540100205401002098
:1090E00000000000000000000E00000068010020E9
:1090F0006801002000000000000000000E000000D9
:109100007C0100207C010020000000000000000025
:049110000E0000004D
:109114009001002090010020000000009C0100202C
:089124009C0100200000000086
:04912C0015E015E055
:0400000300000DEDFF
:00000001FF
